7.954184990248443,10.46898568806293,7.796871209983907,2.772588722239781,11.032946917956268,10.238899703536505,9.024580911959324,13.730715885904228,9.312726468331523,9.661720262238765,13.889792798268848
7.9332471430954525,10.62597884141874,7.9448388343314855,3.0177109628814383,10.948407960929162,10.42527949255046,9.145737848790525,13.698260517741835,9.44260662938041,9.59492983278806,13.929023244199211
8.029512459561404,10.579142069169023,7.939309330693358,2.9147629700564393,10.992258985765085,10.394372339387429,9.142877281919574,13.670983710886897,9.300150606590396,9.578511206527509,13.913197396122829
8.05166663550438,10.636184985935571,7.933549930348642,3.0392174386852178,10.928808060132347,10.463852266242336,9.205613662665467,13.644122492131478,9.38907215991958,9.53298731962476,13.941502955027325
8.048049637000085,10.599301728998727,7.917042403190442,2.8965255621208477,10.844776541408594,10.45543272667624,9.20804440526063,13.598613857162253,9.437139456081521,9.508715074214049,13.922390708394078
8.012504256267286,10.447591267096449,7.70184322146188,2.8266560092995285,11.006683763461037,10.283551278569496,9.234931082789378,13.5723975629408,9.234176248892844,9.457478189459508,13.878121378527291
7.881903932650163,10.392430146400347,7.6204763008648255,2.7227562025064933,11.196005279606583,10.194999780568262,9.22462234138592,13.545350824298392,9.220114669514613,9.451507190424591,13.83853336528352
8.031753705549995,10.415989770132878,7.676720871273947,2.7515355258078835,11.019979778833022,10.29444421665567,9.37927269165112,13.528280546277626,9.206577746169494,9.328251794057342,13.879112171594167
8.134734722272574,10.431843288685291,7.722421715714825,2.920769474601465,10.843926575421124,10.319126655591694,9.214084465103719,13.509691986781736,9.142406463161716,9.35154089301373,13.862844307581485
8.05727893761395,10.398500140061369,7.6451744942236965,2.8716798135632398,10.82872260881455,10.227103692914794,9.221209972250922,13.488292561801316,9.211939093339879,9.390799083918235,13.814926153903482
12.679090269782497,10.273668927989524,7.890403708787904,4.2456340097683265,4.328098292648326,3.9296446286120266,5.056811823473771,14.417105996934142,9.215405301537466,8.842077917107481,12.485137067465732
12.651606895940466,10.270490918812731,7.841217729364612,4.1713056033582285,4.145248839285556,3.5927355018179106,5.075034930589801,14.385178623465599,9.291848671606502,8.847746357709562,12.462342952150863
12.583036307765475,10.182744650851447,7.841130350876519,4.205024206201028,4.412394211710649,3.5616771334495767,4.938303497454635,14.361312631495949,9.416070971595719,8.75246204365021,12.351866360137052
12.557696342258128,10.193963634854565,7.838417796221849,4.213279230790964,4.269231187170327,3.437564990118744,4.850988080409995,14.336413884011941,9.322358675000066,8.773852323288859,12.319680805664378
12.54529205759992,10.124800540591306,7.815148771547525,4.109415588290948,4.211633698152314,3.223310377688278,4.824573390919983,14.320213395672914,9.287620291894697,8.748731629259533,12.295491515689408
12.510535381794044,10.139036065571293,7.755800480040721,4.062739165467319,4.1574932116853605,3.4122471079586245,4.839627257402546,14.312588838540881,9.300881623040137,8.744473950272697,12.254065401902118
12.49775479035205,10.136398799808948,7.7867686516868435,4.0257483977508,4.092861963715884,3.149882810524096,4.775194186850155,14.275547938730156,9.281823473598047,8.780312725980066,12.203051698160122
12.444529196553928,10.13834665242323,7.790222618884682,4.031680904651147,4.209985453272305,3.4931349107716243,4.81920574518223,14.251955593958744,9.5257510938348,8.734009210857197,12.172669532820047
12.431512402984092,10.117771977417013,7.771521550473767,4.1274927079365495,4.1747290576333995,3.6578474021727962,4.769554070375921,14.232964240993823,9.305741456739435,8.741619474877686,12.125039424305852
12.396810720896003,10.037000542116315,7.745421187842381,4.155753190350744,4.237642853035465,3.4931349107716243,4.812003688646663,14.198403017361693,9.478848119623429,8.710659817224625,12.040013797790767
7.7737720788475935,11.034182604119275,8.238980219853637,4.919980925828125,13.026823762397761,3.7508105162830634,8.577183886225752,14.470806512086982,9.602119662386166,9.242945231242857,12.534240976137063
7.834779314314316,10.967235374005206,8.157787539629078,4.864109823879535,12.925827568428748,3.567966400056768,8.553679399986647,14.436664071532785,9.492188795236254,9.252939985595,12.464723099254758
7.676720871273947,11.067385652426008,8.205676731193787,4.824751881418366,13.021650218878456,3.845408303852099,8.762892874474971,14.402336465192064,9.418645487405774,9.24465376486696,12.606323367526008
7.774286041377675,10.991318972920322,8.134275305461557,4.862393025181968,12.946355076668947,3.7270313270301787,8.656939674541468,14.38644573445268,9.44057869576626,9.249003237253575,12.54310535998291
7.793989930352405,10.94979355830299,8.133590678589021,4.800371442208777,13.01995642162445,4.416159667888977,8.634486229710186,14.359700239650655,9.406537439579687,9.127065037824549,12.402845207669685
7.745810559444244,10.933727015484887,8.098376005729707,4.763123142277422,12.927318717452025,3.745574719050321,8.781012807115419,14.336686577760549,9.498464013422025,9.247334248915237,12.506032289216687
7.890033480510778,10.891444675071131,8.084976768343438,4.72935243625942,12.958127052450372,3.8066624897703196,8.558275418952944,14.303266115766242,9.378553613710979,9.136320600701879,12.395795816752603
7.755757653997763,10.786301010440223,8.004035219840464,4.721470612010661,12.905656455375095,3.828641396489095,8.387292026676556,14.257992970599032,9.349996028703222,9.113141521355441,12.29346509805963
7.791972672496995,10.805159955386664,7.98937587636912,4.5962415440330275,12.889442068134391,3.9097983326777497,8.445773569178714,14.215688543466264,9.367581509700887,9.116295835107834,12.334145179554424
7.922615520542231,10.694533982682993,7.949565951326964,4.660289516754911,12.896139141199606,4.343805421853684,8.47600538832952,14.179126462055885,9.379182600264883,9.005238638839337,12.211576250673387
11.739561931188444,9.838931846184225,6.378180924375952,4.670125276598551,11.297959497016494,2.302585092994046,8.482988146104814,13.594861309950069,9.577826662126565,9.04757958264444,12.018373052972123
11.70930734024982,9.726041424700178,6.37136491076265,4.57287651339555,11.184277869226209,2.313634819290515,8.448719233127685,13.494017718984681,9.442923673126185,9.074106919502311,11.989056533060792
11.908912763132301,9.617515868535726,6.352571328431568,4.71492104994721,11.58888497594612,3.028522257667291,8.339389413274713,13.414122195285458,9.233383929036211,8.994992742094341,11.870060214262276
11.898745080079973,9.692876940432692,6.340888264332522,4.615560420069644,11.583503006151332,2.3774866073527092,8.63520928613447,13.349982303719575,9.343899542089908,9.027585387666091,11.837412353900394
11.999237333476422,9.747172216780813,6.354118809241346,4.6773874933896495,11.785244291508135,2.6931247012614628,8.515899020337994,13.311217881286417,9.285695185856742,8.993392862984937,11.799593356664518
11.934832730970376,9.632925499986365,6.455495516100632,4.699874091135982,11.494442366746519,2.70805020110221,8.526368744979257,13.2554397165077,9.369232175749342,8.96855893174462,11.672393032665076
12.177646535982985,9.666330293799584,6.374968037977537,4.734637757465527,11.939318202746867,2.5212739368159545,8.610294874285524,13.19981841172795,8.951022573714575,8.995061645437522,11.704526610641029
12.184058434501543,9.558624320573953,6.292330164720013,4.742416880822072,12.035673730749926,2.961830549464502,8.172409175059462,13.152088379426157,9.00663173330058,8.905813515413927,11.613429808447487
12.057643142614797,9.530990476935182,6.280333421281915,4.660709996151136,11.899308930262428,2.74441813098733,8.030221526229608,13.110456639360637,8.879982736818645,8.845097078636433,11.541405584283249
12.061865677532527,9.457600543297174,6.233037233890559,4.701893548597237,11.867480830879682,2.8653707088552722,7.9775031153586395,13.02188141138116,9.160893325907068,8.81422310335872,11.440821329947035
8.027853600752861,10.635799889177243,7.887855098521942,3.6139163857003607,10.395515603769152,2.757662884053163,9.359914882809981,14.24118185027498,9.399644898487452,9.608718948494097,13.996040724142416
8.001481577282716,10.571249116658997,7.843739698885472,3.6375861597263857,10.377858021991232,2.5788128141206905,9.498177432416705,14.20240753291991,9.517136926182772,9.546826100649234,13.972804036875042
8.153010771052907,10.528344590887055,7.775439163683273,3.6169058947873527,10.372606762986333,2.838862065827319,9.291946984420596,14.17417651518896,9.507575006330066,9.5788548405232,13.937939997167451
8.224205216862062,10.555428405354267,7.758926580757111,3.539347591110706,10.37652269335384,2.933265737704919,9.20485423963439,14.141507091703385,9.70868037395524,9.59528299375181,13.974617250728793
8.2126105888277,10.547500509657539,7.739383390467969,3.404894206643112,10.312887132781151,2.85177644913678,9.095909212127394,14.116644669662943,9.367883386467081,9.597533636021438,13.964049167160875
8.288741129861036,10.527032152024002,7.7181174316586985,3.4863552920432737,10.339953787930604,2.386381056076561,9.142211412923684,14.087986949456461,9.583104739560078,9.566472835699127,13.936448247033905
8.255262610094615,10.493001736639556,7.730150383700459,3.5489786771016956,10.230724416946035,2.63985058633251,8.988801088136489,14.055641719305257,9.584496732461139,9.52879167909178,13.906494656384977
8.277225573336938,10.438004312069745,7.634525269206152,3.404894206643112,10.056663471724274,2.5743069765190727,8.879744613386134,14.019488877205523,9.443643692803812,9.497753241196024,13.867109609494346
8.223847704062445,10.430534890067687,7.684911650310454,3.4587673034137008,10.258284511865133,2.031554282269194,9.353503287956995,14.000730881496334,9.543081848673284,9.53229262267752,13.883399636793516
8.365992970035904,10.394760597707156,7.598538557726478,3.3825050977065954,10.095027599433323,2.3036954762902755,8.863295103525786,13.965709640507804,9.538290685655161,9.541023662794132,13.858718322935196
8.022882299003504,10.909463583282305,8.014603925540092,4.1692459219416085,13.415447167614175,3.666406569852786,9.01283749345731,14.15687054433711,9.824343329812407,9.324950973670022,12.254100190932203
7.893762768008117,10.855193689631237,7.954383975412826,4.177800208420326,13.39997255482391,3.7350206366369902,8.812826899154313,14.108749860370082,9.8078829962573,9.291042349668091,12.132766437323976
7.87078539551895,10.843348315922714,7.946078769855279,4.1879698385249124,13.380022058049745,3.7740373644950544,9.087921608166432,14.071619434981233,9.789797379740394,9.308256244920688,12.112501131160736
7.925101270585327,10.817908760138309,7.88484003008888,4.139601189208451,13.342517041232268,3.6228582343217735,9.013892844595196,14.033317173136249,9.88931087006255,9.260962719529237,12.099632658563893
8.050582908652515,10.717178152939603,7.836031671001033,4.132496274710539,13.298071446552957,3.710858388006624,8.649487707924774,14.004189033335583,9.741440407024902,9.182984019879735,11.93060617639545
7.980730621567323,10.734957234102847,7.812346728358431,4.2626798770413155,13.337467050894809,3.7534180533765045,8.818515149243236,13.981806555351879,9.60824512045336,9.24915822610805,12.031837108583646
7.988113073577184,10.693843362204607,7.800222241112637,4.0906340200002855,13.296759350301521,3.669243422939852,8.76606513325419,13.958162754311132,9.715189505650649,9.195184996239282,12.026355826818683
8.123116323438376,10.678441268848351,7.776222714319671,4.182898027360154,13.263239674499049,3.536116602474143,8.687217220962216,13.913103927288399,9.731539999407596,9.180777669727034,11.930876886202618
8.217936238418053,10.585555529250485,7.68678959522588,3.916457558248223,13.234229883140467,3.571096543457545,8.702085514290953,13.842541507682933,9.689009127840945,9.154243747414906,11.82171829565348
8.337311321763933,10.545454005530535,7.64078000981524,3.9576334529859287,13.212145578778797,3.5457787066271047,8.721439305625983,13.787661960488535,9.668293912143605,9.114774937497154,11.822740127950388
12.102270174767572,10.063438994506802,7.310639278894636,3.1771275681662163,10.263079349470033,10.812552239318544,8.718627232183486,13.305960342735593,9.37393394643616,9.544968846340488,11.939402563179577
12.031729840353217,10.002330374297633,7.224283929230049,2.89529793765728,10.080959405587732,10.666953392005027,8.882021472581794,13.255156864516032,9.361220949126816,9.51392778126162,11.932162196323254
12.06816789415519,10.060000677590835,7.2690130367695724,2.977794346622954,10.262823397734973,10.670819289567142,8.913071753746753,13.226605187544417,9.358944267944118,9.487499775072857,11.953366034297856
12.040940500616102,10.030172576106834,7.214357236286429,3.134527662009849,10.283300513698038,10.641560296449066,8.815551403535459,13.216083323766519,9.37412261445797,9.414205051962107,11.902305830328318
11.933087961312939,9.957753175176181,7.176696162312874,3.2000326011971465,10.188507752095651,10.60898043261315,8.809580841750453,13.203633557075014,9.378424012311129,9.324550613241382,11.788317574262406
11.951288633785389,9.951095536777576,7.101602748180848,2.864103640961468,10.35475777429765,10.670569078963338,8.756787353585594,13.189055951902281,9.348566836978657,9.353236528003109,11.80111682441337
11.97443898836078,9.936324148297507,7.097934772828715,2.9014215940827497,10.213338730845942,10.60597982043029,8.733397164258344,13.168833519068263,9.369802634624055,9.399277957837262,11.831120011012304
11.977994717930379,9.956294506213231,7.189603703750985,2.943268821114262,10.150191368259351,10.67085797640939,8.759354748566208,13.153335980185917,9.31188561874285,9.431516655888187,11.84239170890951
11.898336002951284,9.81007207664617,7.011834975741523,2.9014215940827497,10.28079702161864,10.620003977249846,8.515769957098588,13.13779472162705,9.301319976542588,9.21079471274778,11.653472895898899
11.940260053549466,9.893194201803368,7.0741356305842995,3.054001181677967,10.136383395293016,10.55247964362706,8.58591046999762,13.119788643399662,9.215153215641378,9.361944001394207,11.80067945148613
7.370517477240172,9.034287127797478,6.395855011326523,3.0880073976874662,2.928523523860541,11.707042459014605,7.810217504271657,13.527742778133055,8.306636756430409,7.45421184576419,9.949586267527275
6.80030616149099,8.82301965381299,6.073863461360734,3.1470218643666827,2.8735646395797834,11.655816323612262,7.847284993780267,13.464948085223991,8.23674415603602,7.163267057163476,9.24639368092749
6.988423431024561,8.918078940915386,6.121322541684697,3.0519027551050573,3.1025918650359827,11.631019069639507,7.76354082540705,13.422441055907305,8.197049143016027,7.239222949340248,9.523682069067533
7.353373716503864,8.814274287333648,6.0495237870267005,2.975529566236472,2.904469691164064,11.563953863185885,7.705912911934913,13.363833172579197,8.531556213594845,7.254499972786083,9.461851077548996
7.585173856029636,8.670021091613291,6.0226940161151035,2.9409238610026427,2.928523523860541,11.561886513966588,7.75281253537563,13.281278214408276,8.658113883051653,7.282997880112155,9.274826808319865
7.804845070989921,8.548037035598766,6.0395136987001585,2.740122992726213,3.0138997411755475,11.453994304307441,7.6941903959899305,13.210282980726532,8.870990665606866,7.266757512679961,9.149717139283783
7.619184323220095,8.508703925347902,5.820478490090488,2.6422265879207916,3.0029283197957697,11.397275777083422,7.566713511399579,13.133821152344014,8.949192035069064,7.329101026246266,9.15965508008607
7.665446186916101,8.404536991300372,5.721476868116436,2.775362372114158,2.7465584810480306,11.348846495713556,7.559501594383543,13.07107370873652,9.10597935665144,7.270243294235161,8.976444779074619
7.887463070891368,8.26260483883187,5.630096070040653,2.7110084877209366,2.9635535473067804,11.265017371438148,7.5411524551363085,12.986534108580495,8.943361030102785,7.286275423527468,8.820617370160372
7.879800227717404,8.273211810218497,5.592726772165435,2.6733821488434466,3.1025918650359827,11.235082972816556,7.3327324885278,12.926175593957902,8.935757316902142,7.20258673358713,8.93260863037757
