8.669992520866444,9.808447688043326,5.362334392355552,5.135896273440596,1.7693497094715203,7.278095873418597,6.079645945605419,5.0214082494640415,9.877600551540944,9.179468708309095,11.118310287953571,13.991300133014503
8.638684897002312,10.082993129845567,5.785191079836104,5.359700082115247,1.7693497094715203,7.133264913312926,5.915828474519109,4.700278325181566,9.831646194639637,9.029937014660712,11.117810602738558,13.975971618915276
8.602250994756211,9.981200358248666,5.362334392355552,5.1023364114868786,1.7693497094715203,6.9478036356017485,6.173333987006612,4.817809174846724,9.791135274204649,8.68319707619712,11.120140293948221,14.002746638860609
8.589805220776707,10.082524071162421,5.785191079836104,5.06761042225152,1.670681537674819,7.07470935864497,6.059807113663097,4.87653475752946,9.75635188054686,8.751175638692686,11.114138675516942,13.936152170660069
8.652502763641918,10.195520985820718,6.309715421288803,5.1023364114868786,1.670681537674819,7.065646577819817,5.917606867384152,5.013150646461906,9.722099126570154,8.572753969827188,11.070214247642618,13.924144161523953
8.689073408315144,10.20469687602784,5.362334392355552,5.161956706747638,1.670681537674819,7.097245509739806,5.942178198756595,4.899092381643648,9.686422260898748,8.780923974079986,11.111627326273497,13.943693206642587
8.696604907059134,9.891305867172083,6.309715421288803,5.524722126336421,1.670681537674819,6.875725549181908,5.808844926485653,4.711552289647155,9.65648975737802,8.798018544201414,11.08150714027925,14.050775415458443
8.622655681674477,9.891305867172083,6.309715421288803,5.327525568501531,1.670681537674819,6.928755435032879,5.812799024164158,4.759701745652367,9.618346953004375,8.826424664666678,11.076137200662561,13.977671593251555
8.600187457107577,9.891305867172083,6.652002878884813,5.088590630880052,1.670681537674819,6.941856075490581,6.023713378744966,4.987960652735356,9.598829872998259,8.62648592536022,11.089251246111724,13.913700677666851
8.386859323542136,9.95457982672047,6.309715421288803,5.12927379780955,1.7693497094715203,7.137733191554628,5.897868239109501,4.546127645354308,9.575308162399475,8.593763126450714,10.926532624203784,13.825077482326567
9.34839073478218,8.60341840212479,6.2479858516060585,4.713456115447272,1.670681537674819,2.942625651871275,1.7819071727850433,2.743733253850985,9.36085908516177,7.582681684857099,10.093905890086804,10.921476895391773
9.577187852078655,8.853512030558372,5.733293573494584,4.752948416247411,1.670681537674819,3.164584123959812,2.8402112238261106,2.5098368132033975,9.257784497832848,8.052685506960003,10.350258108202294,11.116977263800656
9.586475821360755,8.926168201937276,5.282000721150485,4.596050840870619,1.670681537674819,3.070221906794425,2.6034783504012617,2.892520127508995,9.151279972254356,7.523841231587422,10.33470343773393,11.227967678279876
9.68052451242879,8.649688888893651,5.961748465498686,4.3095011961913965,1.670681537674819,2.7105662997362385,2.2565313607889985,3.4070244085545163,9.096533608592065,7.842845868880712,10.131233841781736,10.752703564878775
9.261645867189303,8.775449273461591,5.6785545771597565,4.501080218397677,1.670681537674819,2.875320470088169,2.047113548471639,3.088572536937617,8.96673805875405,7.467751754446867,10.292254760431193,11.258244520627807
9.382976313435059,8.770525370667812,5.733293573494584,4.537759875875753,1.670681537674819,2.966016191944695,2.6034783504012617,2.5940233521356673,8.878324510030835,6.748628753475443,10.025774022714034,10.828928295092682
9.446983468225119,8.180471241619285,7.049383661083207,4.3822068934262965,1.670681537674819,3.346114846987474,2.2565313607889985,3.022009700123717,8.848477951100298,7.664919959033946,9.771618295512866,10.398056411564268
9.012309371895038,9.274884090912746,6.003265664199195,4.596050840870619,1.670681537674819,2.6802605885878417,2.5903632196560027,2.830740419616439,8.785885850823478,7.576951066305761,10.35240939622398,11.296309731888808
9.001305120170027,8.695478893426646,4.61512051684126,4.324471380338452,1.7760410533321453,3.0908414331551084,2.5903632196560027,3.022009700123717,8.722774267583572,7.680585921156018,10.562575128758315,11.547720162752155
8.994365536408417,8.856447269412007,6.2479858516060585,4.449984046924569,1.670681537674819,2.7685542195679216,2.6034783504012617,2.7648911859660887,8.660770746551929,7.680585921156018,10.17323473949807,11.142493468082696
7.8119781097730145,10.72451624418723,6.462115997722136,5.449477721234918,2.18150916143881,8.757549526019,5.135572947961688,3.7272282594883026,11.188290777285358,9.430551628312546,9.797216153260864,10.592993110429774
7.873644271285117,10.65368067412508,5.733293573494584,5.593028883213871,2.112517147092634,8.73875416046749,5.660488382902317,3.7272282594883026,11.143633024071613,9.549274686622885,9.882119182934964,10.65521647742321
7.3884033731142615,10.653415642718048,6.069419261054386,5.4151272888831965,2.651512040685764,8.658366695504021,2.6034783504012617,3.2491950714477276,11.11677965515606,9.54607105585797,9.850083833821563,10.539198036333142
7.7607084024675945,10.418446621833722,6.2479858516060585,5.54597153145278,1.8713504149534992,8.631803789810737,5.467076001034042,3.950372890803009,11.091659452738108,9.233097247846292,9.892384457170188,10.633281083014179
7.951680528035965,10.615875102600059,6.215630695391643,5.501181293300958,1.9583611101234748,8.56743204011628,5.681557754459795,3.737179392322149,11.071657282659347,9.241834754142653,9.758407199805621,10.49794757375946
7.654869675812025,10.508175638942202,6.417930371706298,5.473311262323359,2.038403240872326,8.494620330563846,4.286979129191166,3.756786799593628,11.052919276667962,9.355792365696079,9.74862874512904,10.487989207418455
7.7315945558018555,10.486800013097135,6.269461046717599,5.532743560793392,1.7760410533321453,8.59209862225096,4.171688708976245,3.8134076896745395,11.02998376949121,9.44662914504008,9.892384457170188,10.653627678232942
7.706667842729988,10.418781840234393,6.215630695391643,5.369153932052841,1.8713504149534992,8.629198576905262,4.504176468379371,3.1474087999482165,11.004310109909735,9.42332223659115,9.873483585228318,10.593837482686496
7.959551407851539,10.354413110956237,5.733293573494584,5.487343157987671,1.9583611101234748,8.6230595821277,4.753270931223402,3.804190300624931,10.981116434475323,9.212034514106662,9.838774195315619,10.691844907900064
7.530486196943044,10.011572343882861,4.61512051684126,5.337287033768848,1.7760410533321453,8.4258488078065,4.049824213520326,4.012409028789792,10.961519744507678,9.130365995301364,9.971444681693796,10.651505321107171
10.482060615319918,9.656057444008027,6.185278994397992,4.557961632412964,2.1590345328614524,6.812962181517694,2.003569627817455,4.2811136830598295,10.433621252563386,8.842765028240247,9.66433529290499,10.576125856464532
10.325363543780993,9.887322013448518,6.116725971996866,4.87748478130875,2.0932855979253193,6.485211846462509,2.2402682902467044,4.070818538346874,10.394664753600699,8.511465664403447,9.737164678382477,10.58098231793807
10.467801818743729,9.66753734495247,6.686193388682423,4.720480932499081,2.0229005687629504,7.07470935864497,2.3860209334037203,3.717179832725797,10.360028939819077,8.665938736644026,9.7767905555626,10.541750205574795
10.411684735075008,9.511743457315912,6.587142480003127,4.419375669444857,2.224991847848543,6.615849491859309,1.7819071727850433,3.717179832725797,10.332003836114357,9.133279362203357,9.753595134429688,10.634524424534755
10.371038537757967,9.44662914504008,6.185278994397992,4.658605203248992,1.7693497094715203,6.914923944589305,2.2402682902467044,3.8842322390674022,10.313687563097176,8.824775876069403,9.736501818764259,10.50522885368205
10.295103483303935,9.486578874079923,6.868359891374161,4.557961632412964,2.0229005687629504,7.053595325678294,1.7819071727850433,3.8582569955792785,10.294099770748566,7.9591593670164,9.752290542245781,10.538781966543182
10.277888061699725,9.597661091070794,6.518884878882882,4.534151213343708,2.028097207208599,7.049708046702454,2.9415800666463943,3.6218677438304763,10.281453006745553,8.363316443399567,9.679893177116,10.535208389173839
10.265853770407645,9.27491912449196,5.564919523067706,4.334819139922222,2.168081438402314,6.870497538496748,1.7819071727850433,4.070818538346874,10.250170007665359,8.731443931434308,9.675674100438972,10.605195198533622
10.266244238980335,9.426039356338995,6.279326878312178,4.603947328602678,1.8591591072801104,6.635195340524311,1.7819071727850433,3.265192371319795,10.228392570897563,8.147995657543547,9.634678815591917,10.451878683915886
10.268194333194469,9.38165339914709,6.470260023924182,4.52202997182402,2.0229005687629504,6.762350488292579,1.7819071727850433,3.8842322390674022,10.196276998255403,8.309540096082191,9.634678815591917,10.536996774164564
8.513044597889904,9.34845583530048,6.297396166450681,5.205373027933123,1.7760410533321453,7.009068600637838,2.027031369946951,5.288316659092655,10.227268824039768,8.365931033124323,10.816395685467631,13.640084002454072
8.359907602893491,9.073893817822777,6.297396166450681,5.016131051385733,1.7760410533321453,7.217069187060924,2.55509859947888,4.793318769674407,10.095335740018346,8.572753969827188,10.705776587946069,13.464526090282172
8.478653243129962,9.13259218071867,5.8815468577342775,4.87234312407634,1.8713504149534992,7.037560586427735,1.7819071727850433,4.751117894202349,9.964677426332264,8.084322593015395,10.680042033175104,13.479273613659652
8.473977106263325,9.514672506874216,5.8815468577342775,5.066903529252106,1.7760410533321453,6.993740296111302,2.027031369946951,4.813769169351772,9.880274564325267,8.331398918116284,10.676422015766805,13.489027317648711
8.401076317441255,9.413723137902828,5.156583972137734,4.734384233526021,1.670681537674819,6.817394048949175,2.027031369946951,4.872724752376301,9.835947701082668,7.616392915522246,10.567324349995939,13.439556549348247
8.185278933012185,9.599259736420194,7.000820823294231,4.946819235475337,1.670681537674819,6.613743602115635,1.7819071727850433,4.784324937446679,9.801410129903417,7.923227353486176,10.54630413306431,13.390003818172357
8.344021565240627,9.43456544223788,5.505904704972934,4.9626429036207504,1.670681537674819,6.809377751523228,2.027031369946951,5.006494964377712,9.776271320102198,7.664919959033946,10.594400026999352,13.447776304206304
8.333289076637717,9.114683267800556,6.828672189894037,5.0454590342032235,1.670681537674819,7.127516231353694,2.027031369946951,4.741734567503746,9.736259742524496,8.261440269579873,10.689802212365402,13.525709233777368
8.245958696920615,9.212967654644567,6.386928947760765,4.9626429036207504,1.670681537674819,6.945212697097909,2.580413869002315,4.80495820109344,9.702809440379806,7.951285388706868,10.614167345661182,13.35341428451859
8.325163436596595,9.148993607227295,5.156583972137734,5.108460961951431,1.670681537674819,6.757276025546674,2.027031369946951,4.882222259664782,9.663219282327507,8.11162807830774,10.629215942870552,13.434017022071533
7.576376245856645,11.90628462947924,5.9675141883540626,6.870381061126644,3.147223284256572,10.15367888080403,2.0695867452336993,5.285794841549146,12.505501975145576,11.177093694586722,10.930357950516921,11.35423358074845
7.553106085899223,11.792945344350825,5.24521074486532,6.822662024491519,2.393028232639192,10.044758499985873,1.7819071727850433,4.684277523005526,12.422796150063869,11.194063042323688,10.933167287362426,11.298105922764602
7.337146598753422,11.704502669714381,6.522190337530682,6.794156004429166,2.224991847848543,10.011899657607696,2.292734796549034,5.143567960297657,12.361051941436003,10.971999477231273,10.880928578295766,11.235830560547768
7.582110150002995,11.644749218871814,5.9675141883540626,6.78531642178956,2.0176767841358676,9.977507545410859,2.0695867452336993,4.833809717806089,12.323279942616464,11.011494467682326,10.883880039304364,11.244527798371545
7.593480766787204,11.682771845076163,5.710022597859976,6.828752967991564,2.673491191969421,9.953806442323172,1.7819071727850433,4.702543105568049,12.281166262582403,11.041069459855164,10.815719828809234,11.1453986792094
7.523235047784959,11.76708479242967,5.628741205577902,6.689549516697551,2.716047749322896,9.928764276890247,2.0695867452336993,4.679659037978831,12.260691696199858,10.983879289376423,10.829595266372882,11.13234856007944
7.50487486195515,11.504994656885499,5.628741205577902,6.656917822075155,2.2292396235834726,9.905573709172407,2.4750543533449885,4.637099423560034,12.22697747838291,10.977190299269731,10.817296090714848,11.153147772768342
7.6955004175948805,11.531119502905474,6.900898152535816,6.681138995959224,2.543057998867128,9.887293523648788,2.0695867452336993,4.751117894202349,12.201228802513874,10.876400136693489,10.869034786303565,11.135299720550972
7.593480766787204,11.536395106719452,6.220104525354452,6.621692665165722,2.2828572460596397,9.829059400018606,2.4750543533449885,4.691166530413828,12.174243637296644,10.97891460280434,10.788072939994619,11.101840097802736
7.387014622891063,11.53122969464094,5.24521074486532,6.6320955226720235,2.39662015395968,9.814660589585506,2.292734796549034,4.522030093775247,12.127131955150587,10.789832109013444,10.759878240511355,11.086659344779612
10.04021735173829,8.902938252578371,6.279326878312178,4.216299785888836,1.670681537674819,6.560236707938208,6.850112325695783,4.16419245326082,9.23560615524846,8.767035000814905,9.452019534927787,9.915214104973337
9.776917915132367,8.993390102637429,6.263779142428641,3.871849883677748,1.7760410533321453,6.4494781622445965,6.608441567996706,3.5740787792950823,9.163238166325376,8.40685728120693,9.342213336293383,9.853451970055165
9.747842343623102,9.001673890355523,6.6195987206463975,4.062701767976906,1.670681537674819,6.564200209012282,6.751720472361044,3.6218677438304763,9.112198063874894,8.994365536408417,9.367464759662532,9.785730753910551
10.002821444523981,9.034318048884627,5.733293573494584,4.119001222946699,1.670681537674819,6.104272300994842,6.741638991241389,4.044955671629547,9.051727401689897,8.593763126450714,9.403260216320684,9.81496713424346
9.92629927003476,8.82850939304779,5.322974027272635,4.585806014756002,1.670681537674819,6.803665535551155,6.700264737880231,3.8315890045427383,8.99442121452255,8.628495956288727,9.525894517173791,10.07904646997717
10.283966421616563,9.115300451948395,6.279326878312178,4.3836082956883775,1.670681537674819,6.369139696548005,6.705126935505014,4.0228799480182325,8.943570548413753,8.88714630281244,9.532421431287247,10.106442918060033
9.78957389616691,9.056856295586144,6.263779142428641,4.264774077039149,1.670681537674819,6.961190727094193,6.687181951223473,3.9342444044824085,8.908376653178424,9.156048457797679,9.493451170306882,9.986894829385756
10.08939665721102,9.034318048884627,5.322974027272635,4.311008204198156,1.7760410533321453,6.460069664516755,6.56009653225057,4.0228799480182325,8.8720562305364,8.531578075089483,9.596975193831362,10.017397413124485
9.927395570095227,9.203784827270407,5.733293573494584,4.264774077039149,1.670681537674819,6.310736125516412,6.666391164747676,3.364824502909679,8.814975580972686,8.681294144953805,9.501870846320987,10.075273231798747
10.101437746378172,9.086505335098739,5.733293573494584,4.232720355931139,1.670681537674819,6.425229106555692,6.574939123567014,3.8207204222479367,8.79119866409003,8.811486626566037,9.495140771142886,10.02835263166176
8.24654748446836,12.155753845747428,6.9414943994665865,7.461965990345173,3.109286051007059,2.485555522557857,11.08098058708419,7.852103021896066,12.9268144109159,11.315195408665284,10.909114695096413,12.636307364532557
8.041552478024313,12.102306659156792,6.791133942042429,7.378640492018665,2.60604914335371,2.591847565954797,10.87678681097325,7.75436508271264,12.847545312789977,11.196406698561947,10.792326682326234,12.51279279613638
8.216685638988432,11.959638575340463,6.696874383036963,7.33202031119402,2.3748774555196466,3.5428248871396626,10.846425051945042,7.761823801381562,12.759328052215528,11.10419034785553,10.779791117158087,12.39969084732289
8.034303189168773,11.824230636017838,5.502859499225987,7.197019415809846,2.472517190098208,3.6649278022568472,10.760063248794868,7.679434066077158,12.698386709482257,10.90446496137747,10.729245076685128,12.280306257137358
8.195238679207948,11.709373802430028,4.61512051684126,7.128326600147023,2.258468202576938,4.087487774758888,10.734224952977891,7.7414477718145,12.626401180611325,10.860624174133045,10.738295352494864,12.189969857098307
8.325707155978366,11.700389513458877,6.483498375914601,7.030041749160043,2.472517190098208,3.8671654518989333,10.644264871909067,7.754899693787646,12.573533460011548,10.780818436892604,10.71787795074539,12.189285355813814
8.252414265398613,11.672080932300538,7.1147334965006905,6.9451046056450405,2.0176767841358676,3.6504559091376567,10.588480993288643,7.7300066391443165,12.494064140896997,10.65251399583764,10.677819857117331,12.060998767640768
8.163779686057149,11.497694727207803,6.152385506781777,6.854647485702488,2.258468202576938,3.811662811741424,10.509721390156564,7.507547753385639,12.413524108673824,10.690006672088314,10.72703121702511,12.050302852053884
7.950890093180959,11.487156499947854,5.502859499225987,6.791134055535502,2.4352885442855032,3.9417759635774936,10.434931886498205,7.5048061752274435,12.321842386632937,10.71548928824812,10.69067087188197,11.965501091813826
7.922820807393308,11.451761633131195,6.814400757630609,6.663530006579956,2.318365762762489,2.8233600476127045,10.272299976713285,7.455569775273847,12.236842515615933,10.510196512911605,10.739268884986425,11.901928479979727
