Al,S,Cr,Mn,Co,Cu,Zn,Pb,Mg,name
-1.7731174614898386,-0.9280161587188777,-6.194065310792167,-3.9278775503512673,-8.99796654595167,-6.233850061035772,-5.757642896048002,-3.924061058890266,11.94048469055146,192_0
-1.58247994971403,-1.0398181174451433,-6.102305627170903,-3.9630233898172884,-9.066305374322559,-6.3108768729867775,-5.9130295613556605,-3.9165357486062096,11.916014421865768,192_1
-1.6392481738594973,-0.9039894990632764,-6.514546115941294,-3.8678465720415844,-9.064992954116388,-5.398969234338984,-6.05150120030289,-3.428934711443944,11.793220319819108,192_2
-1.6410486938497817,-0.9627468725963111,-7.148681117294488,-3.97829548759092,-9.032247751160355,-6.284854048632893,-5.895731443540556,-3.604042772061223,11.719598112628013,192_3
-1.6372599847445208,-1.047624976040898,-6.003468837712022,-3.902099611629535,-9.005208528231213,-6.196501635319939,-5.948330379797036,-3.536135919029563,11.744425997479466,192_4
-1.5796986887915088,-0.91482869451629,-6.401342902098265,-3.869776790084467,-8.914049796905822,-6.644408714176595,-6.1464572726483695,-3.5699214314198766,11.806840570001862,192_5
-1.548377859808619,-0.9237144525602141,-5.621282855629567,-3.7718394779112483,-8.932214934622282,-6.1293403658602585,-5.826058166144528,-3.3780991866821033,11.819954177610104,192_6
-1.6120543590583747,-0.9772581831987216,-5.075180491990613,-3.866152570543471,-8.887278498179658,-6.293817270246084,-5.950872585586827,-3.503473581191361,11.672899155288126,192_7
-1.526912854128795,-0.9689062137272781,-4.4130419117064195,-3.6886339408127244,-8.739600028520147,-6.570137774739301,-6.016205606868075,-3.3958955140056,11.965070578714203,192_8
-1.4867394230883784,-0.9629928391675611,-5.778772900538543,-3.6863263613779713,-9.148237755798363,-5.714878022325533,-5.748195766835561,-2.8789404096044984,11.682971988104606,192_9
-1.7737764006059313,-1.039404595474344,-7.22830159304529,-4.315970957983046,-9.781981793974998,-5.558153355741916,-6.846295518006068,-4.802702680734199,12.088362859047255,193_0
-1.7624577274042625,-1.203822052427834,-7.914953989905157,-4.250538016509305,-9.689322406076753,-5.513529588178125,-6.55515127778929,-4.782039572225727,12.131827430820662,193_1
-1.7063040381632997,-0.979470772171009,-5.8983869075704325,-4.306457475567397,-9.449971180600363,-5.483880963901941,-6.711664467162561,-4.637440618226837,12.072397241279331,193_2
-1.7481229783514014,-0.9927465122909069,-5.629767472954736,-4.318061812575905,-9.19213027258485,-5.446469664181616,-6.616126556210199,-4.683109053266718,12.065584538296122,193_3
-1.7141416031178174,-1.1027640868755852,-6.026452194634913,-4.247984716638835,-9.513918852915129,-5.403965356172122,-6.688601671578194,-4.623474447933688,12.047573860353866,193_4
-1.6795907605983145,-0.971634422859201,-5.588546695483624,-4.224218046677015,-9.78078273738303,-5.3597525682521905,-6.611790256596034,-4.813355808797618,12.087186629289285,193_5
-1.6979417076175063,-0.9799169059097032,-6.729660441779058,-4.288050827232878,-9.32593617803646,-5.358307907396382,-6.634104557996033,-4.770805763766684,12.098458481814175,193_6
-1.7431991647312068,-1.0908505180057595,-6.411018966272121,-4.255504788707321,-9.484178813109114,-5.443150679502914,-6.631137003985109,-4.782695904111026,12.128088398721616,193_7
-1.7135511594462167,-0.9941162367684142,-6.177590955623453,-4.261737296921583,-9.230242805144666,-5.435450151739813,-6.578166115960879,-4.813259691755665,12.127434117010486,193_8
-1.656691578909665,-0.9281286591146313,-7.106523012443697,-4.18236140525783,-9.242467037064145,-5.375901714038038,-6.551395183905315,-4.733373080059428,12.02982341741404,193_9
-0.5039271863459146,0.8133615121267433,-2.0861010466170535,-3.535003626258159,-6.200610588778338,-3.860087961321996,-5.396237773108169,-3.6040661665981295,8.361474565002933,194_0
-0.17629341651626534,1.330619082569971,-1.683784725477581,-4.4431290711707865,-6.094560004206383,-3.5341510155601927,-4.419358365622645,-3.7115910309755487,8.011023233201028,194_1
0.032114910542464,1.2598441224202208,-1.276757665683703,-4.003992403633981,-5.93599587294175,-3.4003608195369517,-4.193353636069978,-3.1773417742906505,7.939158700309731,194_2
0.35973534895650217,1.526538830353975,-1.470176614331658,-4.055326889472006,-5.88095189306046,-3.50253769562527,-4.671113969282126,-2.7645326069446994,8.314097281497448,194_3
0.4311659461753409,1.2661877228161529,-1.7664423508991756,-3.9277669836428726,-5.88095189306046,-3.2436421968100264,-4.5657544536248,-2.8742916588782768,8.409162373673118,194_4
0.026251442623156162,0.7867862339730349,-1.170142442644395,-3.769979341681211,-5.809176326258378,-3.7035532809367524,-4.284257626110456,-3.23860850844226,8.000014056777701,194_5
0.5944980994901057,1.418975527013538,-0.9230468363711631,-3.8250116284385163,-5.642439844415649,-3.365479299060076,-4.337289831741995,-2.8644476791856635,8.101677647454567,194_6
0.23084580711268918,1.734097768433069,-2.7874089210633213,-2.5131495311059,-5.731847900229761,-3.311282635456379,-4.927475084559592,-2.748662679428209,7.660585254449349,194_7
0.7665539478154049,1.722214956468135,-1.4796440610944024,-3.778787151170431,-5.488794087598361,-3.4581480847952752,-4.789780787585517,-2.813929107874169,8.264363273074443,194_8
0.6173161156011898,1.429328296187515,-0.7525941392034905,-3.702716083034017,-5.594153603255687,-3.066914819781782,-4.502097465134518,-2.8061995075328303,8.184792592815382,194_9
-0.6777833695509886,-0.8104415652196901,-5.943090449046684,-3.1812540908650724,-6.046668072063936,-5.196229865922514,-4.141528416453254,-4.832606302512326,12.251089030228451,197_0
-0.6578585575991651,-0.5991135236277023,-5.911643042288072,-3.095815091125845,-6.013541420535929,-5.047151038000745,-4.049352807468296,-4.899635216454829,12.152534729178331,197_1
-0.7427075875007677,-0.631492828397797,-6.201219416694753,-3.13991588080651,-6.011689530105121,-5.050102291715209,-4.039089656138385,-4.840404860813018,12.075234762492467,197_2
-0.6923030241585852,-0.4985352473955109,-6.533285753801232,-3.0857647252938425,-6.0077958821383,-5.044473661929303,-4.136138939611348,-4.943806369691684,11.981384153471863,197_3
-0.7314943025994197,-0.51423267666807,-5.540104136365097,-3.1119617276285814,-6.015806474600808,-5.133856165208579,-4.071697257573474,-4.819684122131743,12.036244719273029,197_4
-0.5710008034426068,-0.5672103817855043,-5.483570091005915,-3.0797378568213323,-6.001918422183931,-5.066435511635917,-4.21514867488771,-4.8464765073647715,11.962477628664763,197_5
-0.647771689331508,-0.5389078147172761,-5.478210835767833,-3.0392583901889987,-6.020570566886791,-5.008156541146357,-4.076781435973708,-4.810649842664363,11.875740520552803,197_6
-0.643330502648255,-0.5368225639806323,-5.399851377741981,-3.0482742293489045,-5.975846399095111,-4.940318336725042,-4.082541790284309,-4.477838219890823,11.846228401303593,197_7
-0.6358745616186542,-0.5486920194954256,-5.315498176183362,-3.1118609471059475,-5.964831521838968,-5.057499627051497,-4.1025666815468975,-4.50440227571784,11.814843226635325,197_8
-0.519547448087225,-0.35173206982566574,-4.538111872975056,-2.9478717655407136,-5.84240551415674,-4.8685074782903195,-3.940555084222504,-4.640772221627032,11.828896112587001,197_9
-1.1445505997531795,-1.7385797420855176,-4.345730454982101,-4.904379057474495,-6.3099102750126725,-6.407560887648343,-6.3212869619947805,-5.015117964943438,10.468988837761431,221_0
-1.0578268305609155,-1.6522215917861858,-4.750440681426921,-4.771433982291855,-6.29633632742789,-6.715547768427314,-6.062508505676824,-4.945519216491973,10.383243473224542,221_1
-1.2315219720331954,-1.9368823389497931,-5.458602872147194,-4.917067424761127,-6.116320701323848,-6.548296349487296,-6.334214137783066,-5.134661410017268,10.299494749272748,221_2
-1.2126139908832603,-1.9981123345348146,-5.855301253698876,-4.8439659877370325,-6.195430145948268,-6.2459137680777115,-6.117128966227174,-4.376132922338091,10.380175044919527,221_3
-1.3541561771092565,-1.991708634323946,-6.552346199926844,-4.762069329205006,-5.891891320629482,-6.350766690288702,-6.539359133432299,-5.214749382265816,10.339048539022974,221_4
-1.2184731858096,-1.5985619980590282,-6.536865495513664,-4.780541339779731,-6.033082295715851,-6.574221109047066,-6.107717945315132,-4.315785030129407,10.285704515583207,221_5
-1.1461120355168173,-2.544571723825735,-5.4029601312381255,-4.891457056770366,-6.153408569709466,-6.695486575036227,-6.78939717448613,-4.197052348359974,10.286079732273896,221_6
-1.3620033229155164,-2.245765714572277,-6.505938507841822,-4.882816846401589,-5.984641584208536,-6.585703295805286,-6.616395649391545,-4.364275972167098,10.222581094931769,221_7
-1.4143021294017397,-2.2034376179527384,-5.348829665659456,-4.8168147304895035,-6.183913166622404,-6.7136580080437325,-8.12252964633468,-4.347284571554625,10.052148907837447,221_8
-1.2519540518536267,-1.9776024205418257,-5.056542260166127,-4.765358244664218,-5.977236198553831,-6.4024551835160395,-6.545171642873872,-4.9856958498305275,10.20768005807258,221_9
-1.4330063492911955,-2.7547800522007404,-5.730578664015479,-4.935682314343196,-5.953029442522077,-5.446190980946604,-6.780842288227629,-5.720106837832256,10.908869162388214,222_0
-1.5093474485235803,-3.334610661207868,-5.659060867201187,-5.07802165563017,-6.1497754167049274,-5.492208683591721,-6.718214149955741,-5.7914230933275315,10.434145201989692,222_1
-1.3401740588144933,-2.4404007080510945,-6.36105297408344,-5.181714519045214,-6.068994701704364,-5.490224569774415,-6.646558593199597,-5.7528992079698105,10.277943481334244,222_2
-1.4162909664379666,-3.160494344070399,-5.133138388863073,-5.410755688314232,-6.229936968142919,-5.759593634301202,-6.689255589493669,-5.855046985662881,9.813672266264305,222_3
-1.3697099693820143,-3.3152003979770774,-6.254949978025723,-5.681462843604684,-6.220463632463043,-5.708113788119344,-6.981323076484296,-6.174337176476329,9.59458182116081,222_4
-1.591435618545792,-2.704705805142184,-4.322441987333253,-6.030780164429487,-6.441245248878956,-5.610400887309198,-7.106865667219912,-5.9524607293954865,8.364041934998983,222_5
-1.4676752131376483,-3.2029667820231693,-5.02193967221674,-6.072746518526822,-6.2902488038272635,-5.588909213755883,-6.891715342633617,-6.232318472838627,8.82438377879975,222_6
-1.3940640610601471,-3.020997778253553,-4.69737608647871,-5.878533443807409,-6.249130391972526,-5.773172777773654,-6.812123547759633,-6.282422100932059,8.794824978014516,222_7
-1.4106161180875338,-2.0660778377394817,-4.253650739418122,-6.03160807671418,-6.341154195095287,-5.84628208650172,-6.610524892692845,-6.1241360727678495,8.406708409100915,222_8
-1.3845926888366953,-2.6341804510437865,-6.116786990975865,-5.751372647084737,-6.331197079712648,-5.507625406066054,-6.716408470667908,-5.959467052843074,9.072456664612796,222_9
-1.1175811061948115,-2.0567478057072477,-4.843388459112227,-5.103161599340971,-5.939892674158729,-5.387180480883217,-6.741618702433051,-5.570111455454283,10.654502614829148,223_0
-1.014932163523969,-2.2785774863839197,-5.911278311218098,-5.022016388718172,-6.073453027518212,-5.465169144419319,-6.51089979091014,-5.012422691417301,10.101805468882882,223_1
-0.9247550521079217,-2.310156128357003,-4.444879557261132,-4.988199017436742,-5.981499246478172,-5.500554848210058,-6.728935277341595,-5.531134761272525,10.1532340727914,223_2
-0.8614215677742751,-1.6479590381680649,-5.140365951383606,-4.963534161099282,-6.066986420188805,-5.377521698536025,-6.509209277575871,-5.038662039300741,10.31214755154081,223_3
-1.148073605307357,-1.6097368546185424,-5.81276973920244,-4.9512871029782195,-5.7873641587544755,-5.342071975923483,-6.089617383281618,-4.464215609911554,9.440181435996855,223_4
-1.117254091004374,-1.7861961380931033,-4.65219445453604,-4.78123941404063,-5.797636479208763,-5.741887931876141,-6.369988990881407,-4.7546598920738825,9.722385278514734,223_5
-1.004414003320936,-1.536509295545752,-5.030026175591234,-4.8127394269772035,-6.024392617624576,-5.58754599592666,-6.0321188958626895,-3.9543846436569003,9.866408561417995,223_6
-1.2122534038584856,-1.415847150927981,-5.720912689465733,-4.63722590063837,-6.263424534720432,-5.514802180291854,-6.087911328066873,-4.331536692577665,9.703083468030117,223_7
-1.1656189443834595,-1.4303211843289438,-5.704411906522396,-4.530898412773957,-5.813026834848126,-5.623344032204107,-5.659675887681012,-3.781696302245387,9.60797487879621,223_8
-1.0412968038547736,-1.756256705409541,-4.978047823590192,-4.7218792840719885,-5.9960565015598855,-5.222167317789427,-5.7605120569676815,-3.8361836268652225,9.979105104094156,223_9
-2.347157974837959,-2.5316366678826587,-6.2770586971828335,-4.393627852079021,-4.859031809660607,-5.381069741105714,-6.614528712192013,-5.59731848038342,12.11697910233622,224_0
-2.4399426141231695,-2.3242589282183284,-6.609404639910171,-4.383637691427227,-4.761800375937604,-5.441191540610945,-6.557735992579853,-5.661973873366934,11.697436292062179,224_1
-2.544378746238156,-2.3086405812063777,-7.266343835396045,-4.264187788524268,-4.535552226590822,-6.222931056943608,-6.4856407937519,-5.783057124255234,11.294483345958138,224_2
-2.247362780165182,-2.2940527001747903,-5.825355951256854,-4.198356026639583,-4.550847112461253,-5.928304162127908,-6.073752047357509,-5.604631028332944,11.735836986727662,224_3
-2.3015339611196093,-2.320928971882665,-7.208042570667879,-4.215314806134187,-4.51769194666507,-6.078434163677485,-6.18169657250851,-5.606039562094434,11.260095597619936,224_4
-2.327005442914824,-2.269618418258224,-7.191543948467436,-4.270415508447642,-4.618530031169169,-5.951560722695637,-6.435084549842859,-5.4375248072222275,11.44853626484372,224_5
-2.2557964810263194,-2.3941302305650574,-6.4667065864587805,-4.2326975391119355,-4.546422661611893,-6.327262165074384,-6.262198721896051,-5.845424149610214,11.042425712675803,224_6
-2.401100705798401,-2.3602368871630732,-6.454946145582591,-4.256141467187425,-4.51335369363872,-6.2030238547532655,-6.145865398360124,-5.58343912248127,11.390328365229477,224_7
-2.3410666345419813,-1.9649356053980793,-5.7220795129491675,-4.26491117223851,-4.591452645030762,-6.118482715257309,-6.305591352021339,-5.24926746397364,11.193477491268801,224_8
-2.2632417549229573,-2.2374031423146383,-5.475504198054348,-4.247735143731617,-4.622202729493943,-6.088500548586692,-6.227349184531161,-5.216994955248257,11.568246640721387,224_9
-0.6255622022157364,-1.8739955864263116,-4.3631481399208765,-5.044742486214077,-7.157468981277201,-5.341632643593814,-6.57245835085655,-2.686534177101305,9.056163050794046,225_0
-0.5638566174436764,-1.9413244707487147,-4.516250229377989,-4.849692752527306,-7.336280309236681,-5.452503803305099,-5.9483227568289,-2.6456175723901953,8.97325002847246,225_1
-0.4765166504204268,-2.3952974999868295,-4.708922837646364,-4.886389388697891,-7.218148834149326,-5.480559554207257,-6.405191585132354,-2.7762093303713775,9.057445582688153,225_2
-0.35583172494285076,-1.7762629890070676,-4.4573039962975125,-4.926578399002822,-7.202731593380081,-5.450836061469635,-6.903452751397262,-2.7996769018587138,8.969058363965438,225_3
-0.43114040886659927,-1.4687414455657561,-4.985297377142068,-4.806310884375893,-7.20208324877943,-5.6943085007062715,-6.2897213474693965,-2.6852986033729307,9.187092226915098,225_4
-0.7093794265981147,-2.370640255051676,-4.658913895435389,-4.936698272825899,-7.203230879237131,-5.766446599761617,-6.329865084937119,-2.6772796354031585,8.808399080925554,225_5
-0.35241232802189376,-1.815812995550232,-4.082702993204389,-4.854657484286539,-6.983699265310656,-5.43721699246895,-6.30255919697815,-2.6871178302658394,8.875175219148641,225_6
-0.7091937484340591,-1.896805091399853,-4.940981291480609,-4.944741547607775,-7.157767163117972,-5.548328824367949,-6.49447241939178,-2.674303851728593,8.861236631150735,225_7
-0.2812458936739338,-2.110323451654835,-4.930490643811963,-4.901966893362544,-7.129884936076938,-5.613999401693638,-6.697074862183849,-2.5571818443693903,9.007514061845239,225_8
-0.8235017338231532,-1.712471858755497,-4.919902032162397,-4.898462901453242,-7.228494542121643,-5.636320522929371,-6.2164829025385515,-2.6444785202864107,8.79014740544264,225_9
