Na,Mg,Al,S,K,Ti,V,Cr,Mn,Fe,Co,Cu,Zn,Sr,Cd,Sn,Ba,Hg,Pb,name
2184.14444,1609.66667,265.67778,560.86667,5956.52222,988.22222,1.0,2.8963,285.94444,28374.08889,3.11111,65.44444,76.95556,14.11111,1.0,3.11111,9.93333,36.52222,280.08889,192_0
2072.81111,1511.55556,280.9,483.31111,5775.85556,1098.88889,1.0,3.05926,259.83333,27342.86667,3.0,49.66667,62.84444,17.11111,1.0,4.66667,5.28889,31.63333,244.97778,192_1
2103.36667,1231.77778,248.56667,534.97778,5531.3,788.88889,1.0,1.94815,256.5,26295.64444,2.66667,109.88889,52.17778,16.77778,1.0,7.88889,13.57778,33.74444,357.75556,192_2
2027.36667,1347.11111,253.23333,483.31111,5503.96667,521.77778,1.11111,1.0,256.5,25448.53333,3.11111,56.44444,59.95556,16.22222,2.55556,5.66667,5.46667,34.3,337.53333,192_3
1921.47778,1273.22222,240.9,434.42222,5170.63333,838.22222,1.22222,3.05926,250.16667,24769.64444,2.88889,50.44444,54.95556,14.55556,1.0,4.66667,16.64444,50.18889,324.64444,192_4
1772.81111,1355.22222,241.9,470.31111,5072.74444,577.33333,1.11111,1.94815,244.94444,23481.2,3.0,30.55556,42.73333,11.55556,1.77778,4.0,16.75556,42.07778,297.53333,192_5
1823.58889,1373.11111,235.34444,439.53333,5014.96667,963.55556,1.0,4.00741,254.72222,22140.42222,2.77778,48.22222,55.51111,14.11111,1.0,6.66667,20.57778,43.07778,339.86667,192_6
1618.47778,1185.33333,211.12222,398.31111,4674.63333,717.0,1.11111,6.61481,221.61111,21167.53333,2.77778,39.11111,46.84444,11.11111,1.0,5.88889,11.17778,30.56296,286.64444,192_7
1731.58889,1587.55556,222.12222,388.08889,4782.07778,821.88889,1.11111,12.39259,255.72222,20452.75556,3.11111,28.66667,42.4,15.33333,1.0,5.66667,14.93333,52.85556,308.42222,192_8
1606.25556,1197.33333,223.67778,377.64444,4476.52222,476.66667,1.11111,3.05926,247.94444,19784.97778,2.0,65.22222,53.62222,15.22222,1.77778,4.88889,8.11111,34.85556,500.31111,192_9
3905.07778,1816.08889,473.22222,937.5,9492.65556,133.66667,1.38519,2.02963,373.77778,55931.74444,3.33333,226.11111,51.77778,40.0,1.0,4.59259,15.11111,16.84444,191.35556,193_0
3907.63333,1855.42222,471.22222,873.05556,9434.98889,226.33333,1.3037,1.0,390.0,54758.41111,2.88889,210.33333,65.0,38.0,1.0,3.87407,28.11111,22.84444,221.68889,193_1
3855.96667,1767.42222,485.66667,1004.61111,9108.32222,133.44444,1.28889,7.34074,360.66667,53506.52222,4.0,222.22222,55.33333,36.55556,1.0,6.59259,25.0,21.8,233.13333,193_2
3856.85556,1755.42222,459.88889,978.83333,9186.43333,59.66667,1.91111,9.48148,352.0,52830.3,5.11111,227.77778,60.11111,39.44444,1.0,5.6963,18.22222,28.13333,219.91111,193_3
3806.63333,1724.08889,470.88889,867.83333,9182.98889,139.77778,1.19259,6.31111,373.66667,52286.63333,3.66667,235.22222,55.33333,39.66667,1.0,8.74815,7.55556,23.37778,231.02222,193_4
3972.63333,1793.75556,482.22222,978.83333,9383.43333,300.11111,1.28889,9.67407,378.55556,51726.63333,2.77778,243.22222,59.11111,43.44444,1.0,6.75556,15.44444,43.62222,189.02222,193_5
3789.63333,1814.08889,468.66667,960.94444,9021.32222,123.66667,1.38519,3.05926,351.55556,51203.63333,4.33333,241.11111,57.22222,42.88889,1.0,6.47407,20.22222,44.04444,195.24444,193_6
3693.85556,1868.64444,444.0,852.5,8773.43333,474.44444,1.48148,4.17037,360.0,50754.52222,3.66667,219.55556,56.88889,37.88889,1.0,6.86667,5.66667,33.04444,191.24444,193_7
3739.52222,1867.42222,451.55556,927.16667,8929.54444,386.11111,1.4,5.2,353.22222,50110.3,4.66667,218.44444,59.22222,41.33333,1.0,8.64444,20.22222,45.97778,183.13333,193_8
3990.74444,1693.75556,472.33333,978.72222,9251.65556,119.22222,1.19259,2.02963,377.88889,49518.85556,4.55556,229.11111,60.11111,41.88889,1.0,6.03704,55.66667,40.84444,196.02222,193_9
1046.14444,329.4,239.61111,137.51111,2117.96667,10.88889,1.77778,7.61481,55.35556,15052.51111,26.66667,25.15556,23.0,42.33333,1.0,4.54815,13.44444,68.01111,47.84444,221_0
929.25556,326.4,253.38889,139.84444,2068.41111,14.88889,1.33333,6.31111,61.8,14595.73333,25.55556,17.68889,28.88889,37.77778,1.0,6.18519,10.44444,64.78889,46.73333,221_1
879.14444,300.17778,209.61111,103.53333,2065.63333,10.88889,1.44444,3.05926,52.57778,14364.4,30.11111,20.57778,21.66667,31.33333,1.0,2.74815,3.77778,42.56667,38.06667,221_2
913.25556,325.4,210.72222,96.06667,1914.52222,5.0,1.11111,2.02963,55.8,14170.06667,27.44444,27.46667,26.55556,36.11111,1.0,5.48889,7.44444,57.67778,80.17778,221_3
886.58889,312.28889,180.94444,95.64444,2055.18889,12.77778,1.0,1.0,59.91111,14017.73333,36.77778,24.46667,17.22222,35.44444,1.0,5.18519,7.66667,48.12222,34.28889,221_4
910.81111,338.51111,211.5,124.08889,1910.41111,14.88889,1.0,2.02963,56.57778,13802.4,29.33333,20.04444,26.44444,36.44444,1.0,3.71111,14.44444,59.34444,84.84444,221_5
892.25556,253.73333,208.5,68.77778,2100.52222,10.88889,1.11111,2.02963,52.35556,13586.95556,29.55556,16.02222,12.66667,28.88889,1.0,7.62963,3.77778,49.23333,90.06667,221_6
901.81111,277.95556,171.38889,70.82222,2080.07778,15.0,1.11111,1.0,50.68889,13382.06667,32.0,18.46667,15.22222,31.11111,1.0,5.74074,4.66667,43.9,76.62222,221_7
849.7,234.4,160.61111,72.95556,2038.41111,6.88889,1.11111,3.14074,53.46667,13213.84444,25.88889,16.04444,3.33333,32.11111,1.0,3.40741,6.55556,36.9,76.95556,221_8
781.03333,273.84444,187.27778,90.64444,1889.07778,19.11111,1.0,4.17037,55.8,13098.84444,31.55556,21.71111,16.0,32.11111,1.0,5.85185,5.77778,46.9,40.28889,221_9
794.36667,552.11111,155.21111,41.38889,1746.93333,43.62222,1.0,2.11111,46.74444,13010.66667,32.11111,56.11111,12.55556,41.77778,1.0,11.88889,7.44444,97.91111,19.2,222_0
771.03333,343.44444,133.87778,21.57778,1600.15556,10.48889,1.0,2.11111,37.74444,12112.66667,24.55556,49.88889,12.44444,33.33333,1.0,11.44444,6.55556,74.8,16.64444,222_1
750.81111,293.77778,151.54444,50.43333,1663.71111,82.13333,1.11111,1.0,32.52222,11577.11111,25.44444,47.77778,12.77778,29.88889,1.0,7.33333,6.66667,68.02222,16.53333,222_2
752.81111,184.66667,132.54444,23.16667,1565.71111,29.04444,1.0,3.22222,24.41111,10926.44444,20.44444,34.44444,11.55556,25.22222,1.0,5.22222,11.33333,75.46667,14.08889,222_3
681.36667,148.33333,132.32222,18.91111,1487.82222,85.51111,1.0,1.0,17.74444,10411.66667,19.66667,34.55556,8.22222,22.66667,1.68889,4.11111,7.55556,61.8,9.75556,222_4
680.36667,43.33333,102.32222,33.61111,1504.48889,8.97778,1.0,6.66667,12.07778,10049.66667,15.22222,36.77778,7.0,20.33333,1.0,6.22222,4.77778,61.57778,11.75556,222_5
675.7,68.66667,112.65556,19.86667,1410.82222,22.22222,1.0,3.22222,11.26667,9776.55556,17.22222,36.55556,8.44444,21.66667,1.68889,4.88889,1.88889,50.24444,8.64444,222_6
674.58889,66.66667,117.87778,23.16667,1458.37778,8.73333,1.0,4.33333,13.3,9503.77778,17.44444,29.55556,8.88889,19.66667,1.0,6.55556,11.44444,63.68889,7.99259,222_7
630.47778,43.33333,111.1,59.28889,1313.82222,61.22222,1.0,6.55556,12.18889,9225.22222,14.88889,29.55556,10.88889,13.77778,1.0,4.0,3.77778,48.68889,9.08889,222_8
653.47778,89.88889,114.98889,31.68889,1321.6,40.88889,1.0,1.0,13.3,9068.11111,15.88889,33.88889,9.0,21.55556,1.0,4.0,7.55556,49.8,10.53333,222_9
629.84444,428.11111,130.35556,50.96296,994.37778,4552.88889,1.31852,3.14074,24.22222,7971.11111,19.93333,36.46667,8.0,32.22222,1.0,17.62222,7.94444,100.72222,13.66667,223_0
470.06667,232.11111,137.02222,32.51852,904.6,5175.66667,1.1037,1.0,23.77778,7383.55556,16.26667,33.02222,8.22222,24.88889,1.0,11.51111,6.57778,67.83333,22.55556,223_1
503.4,287.77778,152.02222,45.85185,883.37778,4564.88889,1.0,3.14074,24.11111,7105.44444,16.26667,29.35556,8.33333,23.22222,1.0,12.76296,7.15556,54.38889,10.44444,223_2
465.06667,217.11111,130.35556,64.14815,839.15556,1910.0,1.20741,3.05926,24.33333,6932.33333,16.15556,28.8,6.88889,23.44444,1.0,11.87407,12.15556,71.72222,22.44444,223_3
429.84444,199.77778,107.91111,64.14815,759.6,1607.88889,1.0,1.0,24.22222,6690.88889,19.26667,33.13333,14.77778,20.11111,1.0,10.68148,6.57778,60.61111,34.22222,223_4
429.62222,168.55556,104.91111,53.74074,765.93333,1853.44444,1.42222,3.05926,26.88889,6413.11111,18.48889,20.57778,9.33333,24.44444,1.0,7.23704,9.36667,64.72222,24.85185,223_5
382.62222,194.66667,113.68889,66.77778,736.15556,2605.22222,1.20741,2.02963,25.22222,6208.11111,14.26667,23.24444,12.66667,17.33333,1.0,8.93333,17.83333,42.38889,53.55556,223_6
378.4,158.22222,98.35556,50.96296,672.93333,2024.33333,1.0,1.0,29.44444,6103.66667,13.04444,23.57778,16.22222,18.66667,1.0,12.20741,14.15556,45.83333,52.66667,223_7
377.51111,149.44444,91.35556,79.2963,680.04444,530.11111,1.0,1.0,30.44444,6003.77778,15.82222,23.8,13.33333,17.44444,1.71852,13.31852,11.94444,56.94444,44.11111,223_8
391.28889,237.0,97.8,71.81481,699.15556,2097.88889,1.0,2.02963,29.11111,5893.66667,12.71111,34.02222,15.77778,17.11111,1.0,10.17778,12.73333,51.66667,55.33333,223_9
3895.87778,1848.0,155.72222,129.48889,3928.63333,9012.0,1.0,3.05926,201.17778,32564.04444,240.0,149.88889,37.11111,78.77778,1.0,10.44444,31.0,28.3,54.33333,224_0
2689.32222,1214.77778,131.27778,147.37778,3489.74444,7770.44444,1.22222,2.02963,187.95556,30121.37778,244.66667,130.55556,36.33333,56.11111,1.0,10.22222,14.33333,30.96667,47.11111,224_1
1305.98889,811.88889,112.38889,142.26667,2537.52222,1512.33333,1.22222,1.0,201.28889,28626.15556,291.55556,56.77778,37.11111,35.66667,1.0,13.77778,1.0,24.63333,39.66667,224_2
1821.54444,1262.33333,146.38889,139.71111,2821.52222,5431.0,1.11111,4.08889,208.06667,27704.82222,277.88889,73.77778,54.22222,34.66667,1.0,14.77778,8.66667,20.85556,45.88889,224_3
1390.98889,784.44444,135.16667,132.57037,2532.74444,2131.33333,1.33333,1.0,199.4,27004.93333,280.0,61.88889,47.44444,37.55556,1.0,11.22222,7.44444,24.07778,44.66667,224_4
1658.76667,947.11111,129.61111,137.26667,2622.07778,3740.33333,1.66667,1.0,185.62222,26563.04444,249.0,69.11111,36.22222,37.66667,1.0,11.0,11.44444,29.52222,52.0,224_5
1280.1,631.0,136.83333,119.15556,2508.18889,1834.0,1.0,2.02963,189.51111,26115.71111,263.11111,46.66667,42.33333,23.22222,1.0,7.22222,3.77778,24.52222,34.0,224_6
1347.76667,893.55556,116.94444,121.82222,2404.07778,2044.66667,1.22222,2.02963,182.95556,25810.37778,268.77778,52.22222,47.0,28.77778,1.0,8.22222,4.77778,28.63333,43.66667,224_7
1376.21111,733.88889,122.61111,178.6,2395.74444,2770.44444,1.11111,4.17037,179.06667,25484.26667,245.44444,56.11111,39.55556,40.88889,1.0,7.44444,31.22222,26.41111,60.22222,224_8
1668.87778,1067.55556,131.16667,134.6,2620.52222,3809.11111,1.0,5.28148,180.28889,25221.26667,235.55556,57.22222,42.33333,44.44444,1.0,8.0,54.77778,20.07778,61.55556,224_9
