,name,S,Cu,Zn
0,APP0A,0.12173467291748964,0.07388034463443627,0.5610462476288625
1,APP0B,0.19043483965273428,0.08870377693640952,0.5081008196574059
2,APP0C,0.1256503170852179,0.07819882265145546,0.5684361018329718
3,APP10A,0.13491433298163935,0.0892233845209132,0.5278062631417134
4,APP10B,0.15869285524907537,0.12048989566748304,0.5026683764859169
5,APP10C,0.179189216585197,0.09428629745680242,0.5115778845556171
6,APP11A,0.19091595726836644,0.0956343888762906,0.5192124155573934
7,APP11B,0.21409227031269584,0.10836173289387777,0.5276706692067198
8,APP11C,0.22324655953337216,0.10017981001375306,0.5092407574283722
9,APP12A,0.12004563944606583,0.06672735584452454,0.5828864746678837
10,APP12B,0.1524928735190294,0.09732107113337339,0.5375568448417989
11,APP12C,0.16323638997056972,0.0801237629339136,0.5616762066401316
12,APP13A,0.11340370101086364,0.09805082318405918,0.5871398566698267
13,APP13B,0.13333151377588665,0.08538183496072373,0.5430257421218525
14,APP13C,0.11790392451181934,0.09469962412542758,0.5615709246867021
15,APP14A,0.18236084064896207,0.09335504721473638,0.5681844331040489
16,APP14B,0.18605249243412467,0.14003281341403098,0.5052255701479298
17,APP14C,0.196038677107371,0.1377354376077388,0.5074766028578258
18,APP14D,0.19669664058147368,0.12803325927274242,0.5209875408275275
19,APP15A1,0.13224436922359517,0.12098087855162858,0.41075404602233995
20,APP15B1,0.18289810895941483,0.11294760653616442,0.0
21,APP15C1,0.16587540224044614,0.12033065802404243,0.0
22,APP15C2,0.10019385254935864,0.0709910467241742,0.21378075274887007
23,APP16A,0.20812053542322592,0.10025110364147442,0.0
24,APP16B,0.13961790471130658,0.0292250928673537,0.19286153799021316
25,APP16C,0.20500326120939708,0.11057072362060932,0.0
26,APP1A,0.18882729386580283,0.10338537381244092,0.4906763319748814
27,APP1B,0.1808132203123866,0.09145452354383009,0.5259888597065067
28,APP1C,0.1818015474869851,0.118800172475659,0.5248029993245802
29,APP2A,0.1909107734265861,0.07716651691462438,0.546288079929666
30,APP2B,0.18576844803089446,0.08468594940097504,0.537098010722879
31,APP2C,0.21197135003414633,0.11874088705975182,0.44126808623631264
32,APP3A,0.19062327915127794,0.1264928213818906,0.5635372733590509
33,APP3B,0.1378798411351219,0.08878049998362746,0.5377231657337422
34,APP3C,0.1545538233248073,0.1414820510328892,0.5257981853485345
35,APP4A,0.16915925184592856,0.08486669506325871,0.532043704633286
36,APP4B,0.1813422900738487,0.07962141344093662,0.5308795324240622
37,APP4C,0.17470335749553498,0.07728803704122846,0.5382390201252586
38,APP5A,0.16246627260430901,0.16123882579966917,0.4194432983081893
39,APP5B,0.16567999059440466,0.10170045842226728,0.5252900664262783
40,APP5C,0.16207624684524305,0.07733132348519077,0.5797864754811062
41,APP6A,0.18305646700150757,0.15670564768146966,0.0
42,APP6B,0.23859017799645632,0.20897907592544857,0.0
43,APP6C,0.19412817009057853,0.12454269298118582,0.0
44,APP7A,0.2081419204771886,0.11624665325152665,0.522879162043382
45,APP7B,0.20355233376701032,0.12056061536262488,0.46238349559579073
46,APP7C,0.2033666705303297,0.14454641690976136,0.4291597787151772
47,APP8A,0.09989771735385199,0.0693138447006626,0.5203524077184596
48,APP8B,0.15817826712380753,0.07076158630213426,0.5397727698117212
49,APP8C,0.21408004063189226,0.14825012046940403,0.47516021610339376
50,APP9A,0.20464467557299798,0.10243027498235449,0.5291222206670467
51,APP9B,0.18816206892420148,0.10966605171070717,0.5279759173234546
52,APP9C,0.197719949456247,0.09496512132578676,0.5383403433620612
53,APPMF1A,0.18587061621443038,0.1531042450776322,0.5448719562585292
54,APPMF1B,0.19896785951285625,0.10373953943545941,0.5197426379171786
55,APPMF1C,0.17515644929005486,0.13664533919727315,0.5797870075876103
56,ASC0B,0.1095947293956929,0.16737366399667974,0.45764088798457125
57,ASC0C,0.1343418490583641,0.23276029921676625,0.0
58,ASC0,0.07823233382927135,0.13682822255640106,0.42888490660293743
59,ASC10B,0.30851055748254935,0.4389808531801528,0.0
60,ASC10C,0.20716692505264261,0.523219477934624,0.0
61,ASC10,0.2939608311200394,0.36666406621023234,0.0
62,ASC11B,0.3216205065728264,0.5879361155667152,0.0
63,ASC11C,0.2834589008945173,0.5007451565705305,0.0
64,ASC11,0.19738844518147303,0.47865732601650707,0.0
65,ASC12B,0.281580434453723,0.39753659910432465,0.0
66,ASC12C,0.23204294450173982,0.40719563414299886,0.0
67,ASC12,0.2582281657931376,0.5786011412764337,0.0
68,ASC13B,0.26705304656282614,0.5850459943376566,0.0
69,ASC13C,0.28221160880077517,0.6485667985510817,0.0
70,ASC13,0.2811080030127631,0.5403614008717758,0.0
71,ASC14B,0.13598978768217077,0.19327284686971719,0.5228615320029796
72,ASC14C,0.1394488176183915,0.10740925902349532,0.4969098816471696
73,ASC14,0.13296435990495026,0.11464940826220413,0.5330764877749872
74,ASC15B,0.16442615203314395,0.13973245651317037,0.5518817331538279
75,ASC15C,0.1978789864075116,0.1617731320748669,0.5646508883248923
76,ASC15,0.11304946522034637,0.09352790356422461,0.5827116149450253
77,ASC16B,0.2882654417179333,0.5751988276067104,0.0
78,ASC16C,0.3182321940016592,0.6023700585699524,0.0
79,ASC16,0.22397333198690467,0.5344128953681843,0.0
80,ASC17B,0.2944900357030586,0.47000449301872693,0.0
81,ASC17C,0.3229466199631719,0.4781375499916034,0.0
82,ASC17,0.25426804813066844,0.5056068783936896,0.0
83,ASC18B,0.2692857674186191,0.4166729638831361,0.0
84,ASC18C,0.31157386904852774,0.7092957537419271,0.0
85,ASC18,0.20331797066296556,0.4016303008117571,0.0
86,ASC19B,0.27953340628906953,0.5892199657131747,0.0
87,ASC19C,0.34062675943482823,0.6014429775607648,0.0
88,ASC19,0.3101351784687035,0.4440594384435076,0.0
89,ASC1B,0.23512564647647163,0.3826262236605813,0.0
90,ASC1C,0.27891930830032347,0.4267285877008167,0.0
91,ASC1,0.1912940078937797,0.3963873901837857,0.0
92,ASC20B,0.21429171519415569,0.3409293546268176,0.0
93,ASC20C,0.1607481663678291,0.3005673604571588,0.0
94,ASC20,0.12703165002622124,0.159777471673929,0.0
95,ASC21B,0.24360609167192274,0.4602009589386492,0.0
96,ASC21C,0.2454595296901358,0.6008877774685333,0.0
97,ASC21D,0.28502994058502124,0.44494598689992265,0.0
98,ASC21,0.46376781558650637,0.3708448562081668,0.0
99,ASC22,1.8938571951117176,1.1134964982059392,0.0
100,ASC23A,0.1612044079308487,0.12584183262415619,0.5664212123535615
101,ASC23B,0.10148139610178965,0.11065944638721872,0.4540110000195258
102,ASC23C,0.17282219116438602,0.11091536623454772,0.5591685960983994
103,ASC2B,0.11558268014117118,0.21621214144440118,0.0
104,ASC2C,0.1580010111094109,0.31526781534930814,0.0
105,ASC2,0.10261371802353587,0.1971018930668652,0.0
106,ASC3B,0.22110723955426703,0.5506274531594965,0.0
107,ASC3C,0.15752553772887926,0.5469225290975726,0.0
108,ASC3,0.24460874306237262,0.4383934569728258,0.0
109,ASC4B,0.19131278232054044,0.5312839870442478,0.0
110,ASC4C,0.2235580883114276,0.36034086858797515,0.0
111,ASC4,0.2077251075084292,0.3025263715406328,0.0
112,ASC5B,0.25130667604568097,0.5785948974804687,0.0
113,ASC5C,0.3445170738362983,0.4777766706152295,0.0
114,ASC5,0.2097311938338522,0.5494067213655764,0.0
115,ASC6B,0.27216470432318574,0.47068446950547843,0.0
116,ASC6C,0.2621023760526436,0.4732208534445622,0.0
117,ASC6,0.2254552177368336,0.4428399108384432,0.0
118,ASC7B,0.09534849719696739,0.2716621167355806,0.4414479348886385
119,ASC7C,0.14503824050001604,0.2289916073070539,0.0
120,ASC7,0.11247040525885804,0.18978554421210864,0.4879361432530225
121,ASC8B,0.21534468064537937,0.5304808536816318,0.0
122,ASC8C,0.14431459665676075,0.4490088632694324,0.0
123,ASC8,0.19134159426940398,0.4218986391615509,0.0
124,ASC9B,0.2469930133002396,0.43783849909926265,0.0
125,ASC9C,0.19953743780784278,0.5505531598983239,0.0
126,ASC9,0.16379327236712482,0.48911690086274234,0.0
127,ASCMF1A,0.23297409566474436,0.39898462107755894,0.0
128,ASCMF2A,0.320050697996897,0.570438331488565,0.0
129,ASCMF2B,0.27156218866898313,0.590669577036743,0.0
130,ASCMF2C,0.247767094847545,0.636155896375115,2.4112521407149594
133,ML0A,0.07875695336570696,0.1046436159592463,0.5027452128071558
134,ML0B,0.10515484115217325,0.08917337492130947,0.48551843697006647
135,ML0C,0.08931995500625857,0.09173684653264447,0.5380681533320777
136,ML10A,0.11913017606308722,0.09076180770451375,0.5740322209677682
137,ML10B,0.12835652771547348,0.11324860327971197,0.6080519717915899
138,ML10C,0.21112125787762895,0.1563146886295765,0.48705365431829173
139,ML11A,0.13879808038353264,0.10238444932115105,0.5152205831018717
140,ML11B,0.14650079994371637,0.1369290902812475,0.4720323943127955
141,ML11C,0.14218245473517047,0.0983718335592218,0.4491669599240101
142,ML12A,0.1084678333686125,0.08153375401502222,0.5900200662661904
143,ML12B,0.1568471364812315,0.1167494378547326,0.5252993654013591
144,ML12C,0.15672643765434766,0.14942569955060214,0.4771165936736067
145,ML13A,0.1084678333686125,0.08153375401502222,0.5900200662661904
146,ML13B,0.20239636224350555,0.25185282806254394,0.4854293376269566
147,ML13C,0.10794228102678967,0.1102198466289311,0.5978892868988908
148,ML14A,0.15578754650125204,0.08827296573721811,0.5976229534038671
149,ML14B,0.20611756866411712,0.21788297246841612,0.0
150,ML14C,0.152925965860062,0.09480591977359303,0.5778605634908238
151,ML15A,0.18621887409952104,0.21067066129796427,0.6141367613487748
152,ML15B,0.12995163100113685,0.12104254210667131,0.4739966413811243
153,ML15C,0.17888582649136242,0.15248092257407542,0.5410226553615497
154,ML16A,0.15917489732300474,0.11228910008134663,0.529321267591075
155,ML16B,0.12573905027137378,0.1164946144089695,0.5517905142083578
156,ML16C,0.139247650038477,0.09085523919154173,0.6037321861088808
157,ML1A,0.11380123755913304,0.08393555266670528,0.5078046498825204
158,ML1B,0.08299761569120293,0.07860601656745267,0.4589324759231842
159,ML1C,0.10624101919545563,0.09367788362302111,0.49372650539745
160,ML2A,0.07349157361258055,0.0936967004649803,0.4275470080864513
161,ML2B,0.06242139606992953,0.07681837350510108,0.43303127784694023
162,ML2C,0.08418137385249903,0.10583181899713381,0.38740658651700555
163,ML3A,0.07639715178805974,0.08202350416849721,0.5284776711952178
164,ML3B,0.057392392270241455,0.08881621245600227,0.4766277326367811
165,ML3C,0.07900301714649523,0.09701485036649588,0.42261758001325067
166,ML4A,0.06564452029901399,0.056688802385432106,0.47193669221393775
167,ML4B,0.06276731076079653,0.09238925729045712,0.45123540777192445
168,ML4C,0.08171493287727946,0.08604299240468387,0.42594609707784636
169,ML5A,0.08632458296205946,0.0835241531617603,0.42150731442561445
170,ML5B,0.05455310674960512,0.09149885634698698,0.45192508272108517
171,ML5C,0.0797817299969332,0.12438011365037487,0.44460544682332104
172,ML6A2,0.05470574718400396,0.08081637610871391,0.4382428074982432
173,ML6B,0.07344144477317904,0.10561725816863331,0.4477867187968846
174,ML6C,0.04578752850746582,0.06888856799403459,0.38501216138761574
175,ML7A,0.08472527043145954,0.09981895402797991,0.4068761724494926
176,ML7B,0.08564772483908915,0.09803391309924527,0.3992234543319683
177,ML7C,0.07401272157450513,0.11295077739989369,0.4223977581999486
178,ML8A,0.10985675082731752,0.09786780439060165,0.5077924427248495
179,ML8B,0.10190224523366646,0.09767747675387933,0.49171725279491535
180,ML8C,0.1536359230350457,0.13686207797934555,0.42644530814595155
181,ML9A,0.12781190129003472,0.07512764787788243,0.5262844801881846
182,ML9B,0.13655293254611758,0.09101525948094168,0.526961461332775
183,ML9C,0.1271785260620366,0.08691870575920027,0.46906206705436926
184,MLMALACHOWSKI1,0.10886390792737738,0.17493811190214392,0.0
185,MLMALACHOWSKI2,0.07913478665322397,0.11340704529510287,0.0
186,MLMALACHOWSKI3,0.13165961614599972,0.18162956601455227,0.0
187,MLMAZC1,0.17938214797170096,0.29002659561422267,0.0
188,MLMAZC2,0.159022340050104,0.3127816985844005,0.0
189,MLMAZC3,0.18025494661294814,0.20583842972112798,0.0
190,MLMAZG1,0.15569837992220867,0.15073718165213945,0.0
191,MLMAZG2,0.1465859041849141,0.15420767754709394,0.0
192,MLMAZG3,0.13549263039475848,0.17331493973695605,0.0
193,MLMAZS1,0.1735421179519544,0.16449941989270248,0.0
194,MLMAZS2,0.11457755810157823,0.18730719610294605,0.0
195,MLMAZS3,0.16553383883296782,0.19669808880357423,0.0
196,MLMF1A,0.07955240226605663,0.09804614661547635,0.5289309619141456
197,MLMF1B,0.08799377431454278,0.08987836907204813,0.4928566999525123
198,MLMF1C,0.07684627870832225,0.0858162073792329,0.49739090770557876
199,MLSAPIEHA1,0.09683401662891304,0.07384281863904722,0.26635306890562377
200,MLSAPIEHA2,0.1069220241890179,0.08426665355268155,0.0
201,MLSAPIEHA3,0.09641228121106689,0.10115208201530755,0.0
