,Al,Cu,S,Zn,Pb,short,probka,OPIS
0,0.018333208343300083,0.05812727158010338,0.004564652643705222,0.3047159995441428,0.003837323419751099,APP,APP0,podpis - Małachowski
1,0.02750806258291941,0.17343451349797287,0.0053185508358354425,0.3197259864532951,0.008954527891007587,APP,APP1,podpis - Kossakowski
2,0.037592918003056766,0.0641854116912569,0.0039771228185881006,0.3562281838219249,0.009504352181570516,APP,APP10,podpis - Radzicki
3,0.018995261092264886,0.04661257026451484,0.005207049097868443,0.4448858720582796,0.0034354656628838138,APP,APP11,podpis - Zabiełło
4,0.012018271157715279,0.023959365456475944,0.0038168567155342924,0.2670270519355054,0.0027223867494237494,APP,APP12,podpis - Puttkamer
5,0.027355545290873955,0.06074518097847264,0.0033493163563109926,0.2546132771022899,0.007012051736358985,APP,APP13,podpis - Sapieha
6,0.024852508262620972,0.04946919381237043,0.004872405098886858,0.2888162838641186,0.004756685364691586,APP,APP14,treść
7,0.028096145261217603,0.028099465059419286,0.0015988313796865788,0.11951812803762792,0.010007662965559412,APP,APP15,poprawka
8,0.06440607195259869,0.056962935958246495,0.0033171919835140065,0.2403858123332596,0.01195902223708202,APP,APP15,poprawka
9,0.07651782782672505,0.05652851130971432,0.003984496078594565,0.05220760968869094,0.02404294001641812,APP,APP15,poprawka
10,0.045926816968667884,0.01835744574525611,0.0006515922704189142,0.027513050340120283,0.012071073854788198,APP,APP16,oblatowanie
11,0.03495282837101805,0.07565211904817715,0.004769183660414392,0.32082125161291886,0.012097725462912065,APP,APP2,podpis - Jabłonowski
12,0.020932072069528147,0.05402523256310663,0.004393661029049236,0.38234523021473193,0.00723979612778967,APP,APP3,podpis - Szydłowski
13,0.016055437584872177,0.12481399900540281,0.004593259307367707,0.35855849713641,0.0030341905726967286,APP,APP4,podpis - Kwilecki
14,0.01578297979699304,0.05434177131497744,0.004653542402691342,0.3612403799776421,0.0033395182016258225,APP,APP5,podpis - Plater
15,0.04524014381608097,0.021685543713105545,0.0003238920094591928,0.023513083929472232,0.03633035389319093,APP,APP6,podpis - Stroynowski
16,0.032740912669809774,0.040345198311018966,0.005920189753681664,0.31058978770593987,0.16234765025429002,APP,APP7,podpis - Potocki
17,0.0730473520173974,0.09385773114658873,0.003726545246334264,0.3455342219473913,0.023593512787386473,APP,APP8,podpis - Zboiński
18,0.03084374510146167,0.07205983487273991,0.004438823551491236,0.34537292296697497,0.006340193440484272,APP,APP9,podpis - Nowowiejski
19,0.009797294198216585,0.03897812910099186,0.006770430026382315,0.36662301118251805,0.000658499584688969,APP,APP0,podpis - Małachowski
20,0.041458679511203224,0.07679523666884622,0.005172978204079279,0.2570040120482236,0.004678072412712336,APP,APP0,podpis - Małachowski
21,0.045514005730233495,0.06086396592047325,0.006025774489987922,0.2303433089906815,0.004486803601392192,APP,APP0,podpis - Małachowski
22,0.09948364038305128,0.11349951074090882,0.006858283022104007,0.22411929979305528,0.009780029000438936,APP,APP0,podpis - Małachowski
23,0.03582114184329406,0.059217498349259066,0.004856004140493743,0.3052926908208037,0.010029033188494407,APP,APP10,podpis - Radzicki
24,0.09385373348369755,0.09915441382321045,0.0038137006078198354,0.1766220496011701,0.002312223151578022,APP,APP10,podpis - Radzicki
25,0.044974642842615244,0.024153439226322907,0.010098474628505686,0.3236826127209905,0.004131335821997521,APP,APP11,podpis - Zabiełło
26,0.020751138063631124,0.09480197136196568,0.012852709774178636,0.3387992158949545,0.0018175173870132288,APP,APP11,podpis - Zabiełło
27,0.0687434930179883,0.07134113823787891,0.0061511757024447795,0.23952958748142583,0.0089719879922414,APP,APP12,podpis - Puttkamer
28,0.1315707244165784,0.10294146296856557,0.011814628427591806,0.33521912664066467,0.016217603057326578,APP,APP12,podpis - Puttkamer
29,0.12430157447772548,0.10823163200832166,0.010176627054958528,0.24979598576647868,0.00435574320128085,APP,APP12,podpis - Puttkamer
30,0.023411647566636946,0.08666483208907318,0.008513383351520151,0.3134121294369724,0.005178864836105751,APP,APP13,podpis - Sapieha
31,0.0531857665392793,0.06881863816600524,0.004356152855519658,0.21624775804476318,0.0021873471567922355,APP,APP13,podpis - Sapieha
32,0.06012640459992441,0.034274880439030576,0.0018282182667361357,0.05844335322442281,0.005100626498723165,APP,APP15,poprawka
33,0.11707075838031492,0.04717375033564331,0.002220502736407436,0.09366283310128785,0.01495166688607628,APP,APP15,poprawka
34,0.10281378160380594,0.08023410582694755,0.006986960288524985,0.3176379804902348,0.002176927053520843,APP,APP15,poprawka
35,0.09714102598350458,0.027918501599124814,0.00168101157147875,0.050980745564236284,0.006164779330946222,APP,APP15,poprawka
36,0.05340474280903836,0.035025796078681046,0.01277338973052305,0.061388727518571086,0.008579418673315535,APP,APP16,oblatowanie
37,0.13249177159906692,0.07021237669638113,0.005141896083920878,0.12904980756311715,0.007447392181562949,APP,APP16,oblatowanie
38,0.10781196856519681,0.03361527059466668,0.0029373628455447434,0.07315100184318234,0.015632307397418863,APP,APP16,oblatowanie
39,0.05997467543300118,0.09322854533017676,0.00858497208307733,0.33842041264737055,0.008121832064263793,APP,APP2,podpis - Jabłonowski
40,0.08493583609541287,0.10163680053904535,0.007376259432242899,0.3291205918890748,0.021875614767052857,APP,APP3,podpis - Szydłowski
41,0.04947143783534281,0.04691772987139398,0.006020288576193599,0.2536530617418701,0.003916830912099914,APP,APP3,podpis - Szydłowski
42,0.08756440378685479,0.15087049707984668,0.007964752196709151,0.3011759406251194,0.010992416536616078,APP,APP4,podpis - Kwilecki
43,0.01858673555167139,0.14505264611029958,0.012275309525387315,0.428555769486979,0.0016129096973277396,APP,APP4,podpis - Kwilecki
44,0.04387887844926271,0.09853634492092975,0.008812560633096536,0.24892961430483587,0.0029322388601776285,APP,APP5,podpis - Plater
45,0.13441915208668803,0.14746965048888677,0.01897321179892574,0.3673402138771316,0.021716939859934812,APP,APP5,podpis - Plater
46,0.11258328628389074,0.05015449840637546,0.0013875420954587501,0.042852497664588166,0.022527712302110814,APP,APP6,podpis - Stroynowski
47,0.08565080015376239,0.019978521942428627,0.001443681613202636,0.04213586898274119,0.01110976410839232,APP,APP6,podpis - Stroynowski
48,0.005658803593063721,0.11757755534326787,0.007068170369099964,0.24205457758885968,0.03007520900779431,APP,APP7,podpis - Potocki
49,0.04982726858082883,0.08723144145217968,0.012900241485338994,0.5000009922443683,0.0009609431163414971,APP,APP7,podpis - Potocki
50,0.08456853450243429,0.06797766732001374,0.007089641539654429,0.3341111897956462,0.03586703116954813,APP,APP8,podpis - Zboiński
51,0.0054394362074972145,0.08234464860844985,0.007808281928227957,0.1535980852972507,0.014205709822479358,APP,APP8,podpis - Zboiński
52,0.03329991761274624,0.000496767739792545,0.013461380976133792,0.3347199027842924,0.0006536091626822714,APP,APP9,podpis - Nowowiejski
53,0.0333469897940844,0.1181233370032918,0.001791145069567307,0.20758955352847627,0.019297024878442263,ASC,ASC0,oblatowanie
54,0.11313158712631585,0.360356356546712,0.0034634891771658646,0.08812938481367102,0.04536479089869267,ASC,ASC1,treść
55,0.16845793822908584,0.2866276875924337,0.0030099643619497574,0.10274283477647882,0.07535556126004528,ASC,ASC10,treść
56,0.4632020995999134,0.6748207300195669,0.006000620125878915,0.29056603312807877,0.15585375971611098,ASC,ASC11,komentarz
57,0.26380515073592065,0.6065767340343075,0.005989618039377193,0.12951897180340763,0.32942046648304146,ASC,ASC12,treść
58,0.5009945687497124,0.665471818805686,0.002935126012409943,0.30349028121067523,0.4441945794698873,ASC,ASC13,komentarz
59,0.015897544002991332,0.06196812146887707,0.0030896122672960137,0.26110562427731615,0.02104771518001804,ASC,ASC14,komentarz
60,0.011542868269085623,0.05652312045077275,0.0038956821664473573,0.2887349132939036,0.002659040466899607,ASC,ASC15,poprawka
61,0.08471521290070354,0.20314308163063807,0.0016516914360028571,0.07343572408207655,0.03808808218288092,ASC,ASC16,treść
62,0.30676272711994695,0.7003255178801664,0.0033318765760591493,0.1788630416546369,0.15454216682723781,ASC,ASC17,poprawka
63,0.39899987933845293,0.596015911489377,0.0038708081260655993,0.23698361542006424,0.05702584343826347,ASC,ASC18,poprawka
64,0.12184683353697809,0.32678750271010415,0.00308345244556125,0.0676708590252383,0.04827847902839271,ASC,ASC19,treść
65,0.023681232667488394,0.05570866602442776,0.0004326903486297357,0.03153439690360898,0.019302705078669852,ASC,ASC2,poprawka
66,0.0184878897092018,0.02594196076670177,0.0004194173345958714,0.020944719206569703,0.03540688223565928,ASC,ASC20,podpis - Małachowski
67,0.3366677542888303,0.48698193972655357,0.0184582310034149,0.26691898359702837,0.07186044451484346,ASC,ASC21,podpis - Sapieha
68,0.025020457903253822,0.16388967116017086,0.0031472241814670355,0.2684020059166517,0.004652278863141992,ASC,ASC23,poprawka
69,0.13923389503332056,0.2087259217182265,0.003983044975777851,0.11836635710216402,0.06884720700495194,ASC,ASC4,treść
70,0.4759250687863002,0.6389133130767763,0.004496866030746664,0.26418386920560616,0.31773420355370136,ASC,ASC5,komentarz
71,0.1986932706019378,0.36884962166305574,0.0038473749592342647,0.09680671961928385,0.06357618196977244,ASC,ASC6,treść
72,0.06872778617956438,0.08401912456514633,0.0015412074329922431,0.0942606715928358,0.022373855904160078,ASC,ASC7,poprawka
73,0.17344102774965314,0.45536093327016075,0.00143696821427605,0.10444858086051496,0.07962814458748797,ASC,ASC8,treść
74,0.30246093848101313,0.4846845544763479,0.002446432597267464,0.1549992670169464,0.10458846140159508,ASC,ASC9,komentarz
75,0.025152125936128884,0.10020394525340656,0.0005173147129298429,0.09855324782371787,0.015313904321366686,ASC,ASC0,oblatowanie
76,0.03339559960004356,0.12416853060152011,0.0008502536930786714,0.07895602872111404,0.02346794924651081,ASC,ASC0,oblatowanie
77,0.1158384352353421,0.10144168250481742,0.002367344317071471,0.06846779613711419,0.09248022848260784,ASC,ASC10,treść
78,0.2689234814390001,0.36492646619919766,0.0032080525829898928,0.0841158886645529,0.2137204766582379,ASC,ASC10,treść
79,0.24049973350273696,0.38491665567363453,0.0029479424854967143,0.08475924116823046,0.25698446627186117,ASC,ASC10,treść
80,0.6988028989397785,0.9996368647631257,0.0017786262347220998,0.2387825122641082,0.18918175596523645,ASC,ASC11,komentarz
81,0.7135587118827839,0.8817642968596662,0.0015390857362921357,0.252138890554987,0.05031718119157281,ASC,ASC11,komentarz
82,0.4219771257660076,0.44962415806462713,0.0063040417065806644,0.1467596244856051,0.27323202613249253,ASC,ASC12,treść
83,0.2446372102057617,0.6552080465732087,0.05162543485686778,0.07601517959032576,0.07535291632096348,ASC,ASC12,treść
84,0.2498855026812856,0.3604333037508659,0.002995955340031707,0.08990742889807211,0.08784281028238974,ASC,ASC12,treść
85,0.2685534651660902,0.007473245481056215,0.017262868165495878,0.04088763577874156,0.0013155598139028193,ASC,ASC13,komentarz
86,0.9300747536020849,0.9545138892695751,0.007526860270995609,0.1354223394663369,0.10524066452414546,ASC,ASC13,komentarz
87,0.04127098153293498,0.0665558807370888,0.008010951131113508,0.29995451359311,0.0022942172484492645,ASC,ASC14,komentarz
88,0.7072847012331509,0.18897159324172025,0.009486369151802707,0.34966083260937747,0.04556386476707004,ASC,ASC14,komentarz
89,0.03558287064949087,0.11610747536343706,0.006818469352690386,0.25244705518001087,0.0023667296076246287,ASC,ASC15,poprawka
90,0.085951525466485,0.13898481488207906,0.0032619656836255927,0.37372619694586484,0.0033419603674643646,ASC,ASC15,poprawka
91,0.055898895287229196,0.2440423824627169,0.0025302460379910785,0.06740067384489819,0.01574009203680471,ASC,ASC16,treść
92,2.5473008456020168,0.048824856583961636,0.030866499904999928,0.016449769031400826,0.20214887004414447,ASC,ASC16,treść
93,0.43121624303732753,1.1494571155054483,0.011732342327573534,0.6649718444511754,0.08683108707646488,ASC,ASC16,treść
94,11.661852819263752,23.5184066438169,0.029059609363804837,2.941522515648898,0.5695422828675338,ASC,ASC17,poprawka
95,0.27675128376005087,0.32328304607326874,0.0020590762906353643,0.06734748539448394,0.00028883263154978685,ASC,ASC19,treść
96,0.26510822952288915,0.7626847980463313,0.007358997072749371,0.062251659252800275,0.06767733431542847,ASC,ASC1,treść
97,0.2977526829751799,1.4921320151843758,0.004697431567596,0.29368145903137943,0.0975931496826231,ASC,ASC1,treść
98,0.2115165459128255,0.3213819163942852,0.0030444430390580285,0.07780379391195506,0.018526162757864777,ASC,ASC1,treść
99,0.07184242903649977,0.029375454734468148,0.0010637039027991144,0.03957896212360408,0.01311329492042712,ASC,ASC20,podpis - Małachowski
100,0.8568061332144499,0.11184325918993951,0.0027314547282225143,0.058236924813910206,0.022688706174071215,ASC,ASC20,podpis - Małachowski
101,0.7830600607585508,0.49946086788080496,0.0064252993997759005,0.13155125004454146,0.02758246038745159,ASC,ASC21,podpis - Sapieha
102,0.474487355091861,0.48973546317692307,0.0028738032495358354,0.16142970826101363,0.03588027596282532,ASC,ASC21,podpis - Sapieha
103,0.6337986334951816,0.3029418361855817,0.03563749280299929,0.14417384821569726,0.027854377194190937,ASC,ASC21,podpis - Sapieha
104,0.005094415749315043,0.0011759613107695,0.006649898205725056,0.26566761512396647,6.306573869866982e-06,ASC,ASC23,poprawka
105,0.023082456582117057,0.1333479325381582,0.006348997578504621,0.3031270651580783,0.0009785959224116285,ASC,ASC23,poprawka
106,0.023050429170979526,0.0753601954990236,0.005066760964194135,0.2564047249723312,0.0012842144010918857,ASC,ASC23,poprawka
107,0.07949801020257959,0.04050937282349261,0.0008363903034244001,0.033748719249232124,0.0045721041047915075,ASC,ASC2,poprawka
108,0.10900250024201849,0.06107261429340751,0.0023060660042285713,0.24642912894139316,0.012172883571108021,ASC,ASC2,poprawka
109,0.9721451930551499,1.0032105896011256,0.016916549958117477,0.34498391988968347,0.02822250776380376,ASC,ASC3,komentarz
110,0.6676694210849556,0.5086964460362408,0.008770548986154493,0.24249553810833438,0.04136145319256846,ASC,ASC3,komentarz
111,0.33867843925616675,0.3156099357207622,0.015740345487356276,0.06006207453623259,0.023517120374520886,ASC,ASC4,treść
112,0.2965623043109687,0.27915271711241096,0.029522110737829985,0.1619127995647137,0.023631388456516324,ASC,ASC4,treść
113,1.08037781248983,1.1830331134451282,0.012697116158956077,0.4424399018148035,0.02853471818794737,ASC,ASC5,komentarz
114,0.6099135464475305,0.5754707865972615,0.00586822440813955,0.10887947073564368,0.012940078750951293,ASC,ASC5,komentarz
115,0.1858956851764216,0.36528871630429066,0.0036085007522956357,0.10895014873186683,0.022855727874848276,ASC,ASC6,treść
116,0.1779159335356075,0.236619038814631,0.0028850137901807638,0.07635222209720763,0.01372914183367578,ASC,ASC6,treść
117,0.42651597814282677,0.7369186889384948,0.005110085671118622,0.1890421603332532,0.04413752578565465,ASC,ASC7,poprawka
118,0.052824979022879484,0.10074306727561703,0.0007446925741267357,0.103082897181902,0.008581947534330942,ASC,ASC7,poprawka
119,0.27040724253452436,0.4669232568225401,0.005350282842593585,0.11087859628830939,0.02474049324741496,ASC,ASC8,treść
120,0.20468599994829967,0.18864567010013264,0.0011675409533543001,0.12459398683260502,0.016455222477579075,ASC,ASC8,treść
121,6.787849605952151,3.6608833030906784,0.02476937032848598,2.061853446638612,0.5143891279278981,ASC,ASC9,komentarz
122,0.552812507107716,0.5586621518405053,0.0020413189002173146,0.18446229910505746,0.045388630344852646,ASC,ASC9,komentarz
123,0.6792122396909034,0.5949019476041094,0.008433326434360986,0.15910942224203106,0.06752764235030949,ASC,ASC9,komentarz
124,0.07641561690372933,0.12154727593354601,0.001211948652755257,0.2634847400394311,0.02822893369419497,ML,ML0,podpis - Małachowski
125,0.071517996535272,0.13100040707276,0.0018168276363887074,0.2767920656994919,0.013375528948508107,ML,ML0,podpis - Małachowski
126,0.13797596370334037,0.1971644203179445,0.002033490017537029,0.368780529483102,0.03246781310493728,ML,ML0,podpis - Małachowski
127,0.04779096048336146,0.11604089209959889,0.006133169928095872,0.40885831035524645,0.01135283269249507,ML,ML10,podpis - Radzicki
128,0.04141662397508387,0.09780791428298397,0.0017109568109475645,0.23078839889506889,0.009317526820791842,ML,ML10,podpis - Radzicki
129,0.06439369222591357,0.1218632088652261,0.0032677444352361426,0.36070432772331346,0.004250244815330558,ML,ML10,podpis - Radzicki
130,0.04284715114713498,0.18862922531862283,0.003851321584070207,0.2851748394367137,0.09742459733149723,ML,ML11,podpis - Zabiełło
131,0.2921679105277838,0.4440911822466868,0.006864917780201,0.35566151388603295,0.000272627901094633,ML,ML11,podpis - Zabiełło
132,0.10391184542054366,0.2589616742493081,0.0041747045607240145,0.4164971935550215,0.0372721363834238,ML,ML11,podpis - Zabiełło
133,0.01153459264723455,0.10312058193575084,0.004917387187128586,0.3026095879111959,0.008081760298929671,ML,ML12,podpis - Puttkamer
134,0.06050624184104409,0.11714949916918681,0.004528128757556079,0.30188621495443735,0.01790226898214712,ML,ML12,podpis - Puttkamer
135,0.06748416915852591,0.12762366273622514,0.0032088418862667423,0.3021321448100228,0.009757145092964941,ML,ML12,podpis - Puttkamer
136,0.5026274874139169,1.0228196230409734,0.0061886343568930075,1.1511307352545326,0.210716489761934,ML,ML13,podpis - Sapieha
137,0.05294143777984681,0.15593523427580622,0.0027341063900939997,0.24278944912900274,0.007252010195647522,ML,ML13,podpis - Sapieha
138,0.04263622052188785,0.12400771767285804,0.003573903147562393,0.38582428862025686,0.009811923225177958,ML,ML13,podpis - Sapieha
139,0.02772733508260517,0.1024677809870659,0.004644980560382208,0.4115420390937518,0.005333500063674342,ML,ML14,poprawka
140,0.5049050965655272,0.4894189046207082,0.004338506383892121,0.4729702883190988,0.14089550651320065,ML,ML14,poprawka
141,0.01651842014200355,0.16209986345536936,0.0047959892064449935,0.47226359461249406,0.04638828592547147,ML,ML15,treść
142,0.13898149816005223,0.1861005511990693,0.0048167430466246495,0.3974437479947995,0.027425547186104442,ML,ML15,treść
143,0.23406271934280337,0.21570292920257636,0.0035937523758121357,0.24068735520033924,0.04603129070076444,ML,ML16,treść
144,0.0934263795477628,0.13329441432974048,0.004171242481862792,0.29762956019687997,0.025394328457812403,ML,ML16,treść
145,0.27563687885108984,0.25132551838501543,0.007396081723325342,0.3792909210661319,0.026304544311528722,ML,ML16,treść
146,0.09486693265256221,0.18436292880989802,0.004692235318673536,0.532289629657408,0.016184415646411928,ML,ML1,podpis - Kossakowski
147,0.1319441776774011,0.22867186336200143,0.005426636569058215,0.48356879469540115,0.026829055325244492,ML,ML1,podpis - Kossakowski
148,0.06499523534506295,0.1548750550274132,0.0021345194197316857,0.37055189417148604,0.006583546714942466,ML,ML1,podpis - Kossakowski
149,0.1683898543669037,0.23932129732683166,0.002986836006087186,0.2925661078823825,0.032000069764157445,ML,ML2,podpis - Jabłonowski
150,0.12435310777466782,0.2689194659163073,0.003881549608935828,0.26817943168333747,0.025550025334487303,ML,ML2,podpis - Jabłonowski
151,0.12124231760121547,0.29130380504275627,0.002292074211008593,0.22977503860145765,0.033828020137077676,ML,ML2,podpis - Jabłonowski
152,0.04515578630081784,0.11986827334851517,0.0017730397996241784,0.3392071370139856,0.008592416226442145,ML,ML3,podpis - Szydłowski
153,0.05582990703241241,0.13273549485371366,0.0008493385368561499,0.1336300280264443,0.013250950844969344,ML,ML3,podpis - Szydłowski
154,0.11322643584313452,0.23081145396105635,0.0020311509846148287,0.18769630557764003,0.044024530194776805,ML,ML3,podpis - Szydłowski
155,0.07444230288679332,0.20626085875663272,0.0025840821370130356,0.5932087197012852,0.023337377443117154,ML,ML4,podpis - Kwilecki
156,0.06746865025130819,0.21675864031269126,0.0013783681000246,0.20178572151763288,0.020537797061133598,ML,ML4,podpis - Kwilecki
157,0.09692133484955252,0.15682875709337354,0.0006385551831623213,0.18383939766575222,0.016589717527637972,ML,ML4,podpis - Kwilecki
158,0.13167927820286715,0.24602032440685376,0.0008515113026922287,0.19576978162348949,0.03635272560361117,ML,ML5,podpis - Plater
159,0.29696066716878805,0.1168783082127898,0.011181889636074699,0.09619932473917907,0.029818810445584508,ML,ML5,podpis - Plater
160,0.1585438565657771,0.27860138902787285,0.001541855626854257,0.21117643597154542,0.03141349136247119,ML,ML5,podpis - Plater
161,0.11493117214950015,0.27809735483460557,0.0023417589609721645,0.2979984742916426,0.019807885547957184,ML,ML6,podpis - Stroynowski
162,0.14746236966858242,0.23008655293539862,0.000957492329101343,0.2229988521514603,0.023143068244037147,ML,ML6,podpis - Stroynowski
163,0.10215299853537761,0.2833702008321184,0.0018188745054047643,0.22102321873313663,0.01713046966285365,ML,ML6,podpis - Stroynowski
164,0.09414628616469913,0.2527199325494759,0.0010770968867782,0.12240221919009997,0.015500830928427686,ML,ML7,podpis - Potocki
165,0.18559945000837033,0.3294642181030584,0.0016892241870733286,0.1794998346423932,0.03681965799476038,ML,ML7,podpis - Potocki
166,0.09237375690652473,0.2789615546724368,0.0013213890763198286,0.15498382037801792,0.021596994433618094,ML,ML7,podpis - Potocki
167,0.13220164289646633,0.14973336744037383,0.002172953053479257,0.22068689097754726,0.03282215104498417,ML,ML8,podpis - Zboiński
168,0.13918316811014284,0.25819177780973435,0.004377728210941336,0.3021078672962546,0.029767093510372915,ML,ML8,podpis - Zboiński
169,0.05371984981367504,0.12392931217079295,0.002532466926848936,0.25912275913342264,0.009177564412538109,ML,ML9,podpis - Nowowiejski
170,0.10791689990210004,0.19424921803439021,0.0037216331816152296,0.4891665024172382,0.020355778931501253,ML,ML9,podpis - Nowowiejski
171,0.05804091616197488,0.10016300413261549,0.0015487832975147144,0.169254606166617,0.008174033198010492,ML,ML9,podpis - Nowowiejski
